datetime,open,high,low,close,volume
2026-07-09T15:00:00+00:00,0.7078500000000014,0.7086700000000014,0.7076600000000014,0.7084000000000014,7644
2026-07-09T16:00:00+00:00,0.7084000000000014,0.7087500000000014,0.7081100000000013,0.7081600000000013,4699
2026-07-09T17:00:00+00:00,0.7081600000000013,0.7086400000000014,0.7081200000000014,0.7085500000000013,3893
2026-07-09T18:00:00+00:00,0.7085500000000013,0.7086100000000014,0.7081700000000014,0.7083400000000014,3241
2026-07-09T19:00:00+00:00,0.7083400000000014,0.7084000000000014,0.7078200000000014,0.7079900000000013,3311
2026-07-09T20:00:00+00:00,0.7079900000000013,0.7082300000000014,0.7079700000000014,0.7080900000000014,1639.991941917983
2026-07-09T21:00:00+00:00,0.7080900000000014,0.7081100000000015,0.7073200000000015,0.7075200000000015,5900.855460883773
2026-07-09T22:00:00+00:00,0.7075200000000015,0.7081100000000015,0.7075200000000015,0.7080000000000014,2332
2026-07-09T23:00:00+00:00,0.7080000000000014,0.7081900000000014,0.7080000000000014,0.7081900000000014,1160
2026-07-10T00:00:00+00:00,0.7081900000000014,0.7085700000000015,0.7072500000000015,0.7084200000000015,5990
2026-07-10T01:00:00+00:00,0.7084200000000015,0.7092500000000015,0.7081800000000015,0.7088800000000015,8854
2026-07-10T02:00:00+00:00,0.7088800000000015,0.7108700000000014,0.7087200000000015,0.7106000000000015,8257
2026-07-10T03:00:00+00:00,0.7106000000000015,0.7107500000000014,0.7098000000000014,0.7099200000000014,4964
2026-07-10T04:00:00+00:00,0.7099200000000014,0.7099200000000014,0.7091800000000015,0.7093300000000015,3662
2026-07-10T05:00:00+00:00,0.7093300000000015,0.7095000000000015,0.7085000000000015,0.7087500000000014,5425
2026-07-10T06:00:00+00:00,0.7087500000000014,0.7093500000000015,0.7087100000000015,0.7088800000000015,7469
2026-07-10T07:00:00+00:00,0.7088800000000015,0.7089800000000015,0.7082700000000015,0.7084300000000014,7024
2026-07-10T08:00:00+00:00,0.7084300000000014,0.7087300000000014,0.7080300000000015,0.7081700000000014,7526
2026-07-10T09:00:00+00:00,0.7081700000000014,0.7086300000000014,0.7080600000000015,0.7084500000000015,4279
2026-07-10T10:00:00+00:00,0.7084500000000015,0.7091400000000014,0.7084500000000015,0.7087000000000014,4314
2026-07-10T11:00:00+00:00,0.7087000000000014,0.7088700000000014,0.7081400000000014,0.7087900000000015,5520
2026-07-10T12:00:00+00:00,0.7087900000000015,0.7096900000000015,0.7084400000000014,0.7088800000000015,9349
2026-07-10T13:00:00+00:00,0.7088800000000015,0.7092600000000014,0.7085600000000014,0.7087200000000015,9534
2026-07-10T14:00:00+00:00,0.7087200000000015,0.7090900000000014,0.7074500000000015,0.7084700000000015,15530
2026-07-10T15:00:00+00:00,0.7084700000000015,0.7098200000000014,0.7083100000000014,0.7097500000000014,11094
2026-07-10T16:00:00+00:00,0.7097500000000014,0.7104000000000015,0.7096600000000014,0.7097200000000015,7440
2026-07-10T17:00:00+00:00,0.7097200000000015,0.7098100000000015,0.7091700000000014,0.7091900000000014,5329
2026-07-10T18:00:00+00:00,0.7091900000000014,0.7093300000000015,0.7090300000000015,0.7091200000000014,5050
2026-07-10T19:00:00+00:00,0.7091200000000014,0.7092000000000015,0.7089800000000015,0.7091300000000015,3056
2026-07-10T20:00:00+00:00,0.7091300000000015,0.7093000000000015,0.7086100000000014,0.7088300000000014,1465.2327089044747
2026-07-12T21:00:00+00:00,0.7088300000000014,0.7098400000000012,0.7088300000000014,0.7092100000000013,691.7550662361657
2026-07-12T22:00:00+00:00,0.7092100000000013,0.7094900000000014,0.7083300000000013,0.7088800000000014,3988
2026-07-12T23:00:00+00:00,0.7088800000000014,0.7093100000000013,0.7087700000000013,0.7093000000000014,3077
2026-07-13T00:00:00+00:00,0.7093000000000014,0.7095100000000014,0.7084100000000013,0.7084900000000014,9100
2026-07-13T01:00:00+00:00,0.7084900000000014,0.7088700000000013,0.7079900000000013,0.7086500000000013,11484
2026-07-13T02:00:00+00:00,0.7086500000000013,0.7089200000000013,0.7082500000000014,0.7082500000000014,7863
2026-07-13T03:00:00+00:00,0.7082500000000014,0.7083100000000013,0.7075400000000014,0.7081300000000014,6064
2026-07-13T04:00:00+00:00,0.7081300000000014,0.7084700000000014,0.7076300000000013,0.7083800000000013,4767
2026-07-13T05:00:00+00:00,0.7083800000000013,0.7089300000000014,0.7076600000000014,0.7080100000000014,10198
2026-07-13T06:00:00+00:00,0.7080100000000014,0.7084500000000014,0.7075000000000014,0.7080000000000014,8805
2026-07-13T07:00:00+00:00,0.7080000000000014,0.7088700000000013,0.7079000000000014,0.7088600000000014,10746
2026-07-13T08:00:00+00:00,0.7088600000000014,0.7098400000000014,0.7088400000000014,0.7093400000000014,10068
2026-07-13T09:00:00+00:00,0.7093400000000014,0.7094500000000014,0.7090100000000014,0.7093100000000013,7060
2026-07-13T10:00:00+00:00,0.7093100000000013,0.7097500000000013,0.7089500000000014,0.7097500000000013,7089
2026-07-13T11:00:00+00:00,0.7097500000000013,0.7101000000000014,0.7093500000000014,0.7096400000000014,9039
2026-07-13T12:00:00+00:00,0.7096400000000014,0.7097500000000013,0.7089400000000013,0.7097200000000013,8895
2026-07-13T13:00:00+00:00,0.7097200000000013,0.7099400000000013,0.7085200000000014,0.7087600000000014,11411
2026-07-13T14:00:00+00:00,0.7087600000000014,0.7090700000000013,0.7077800000000014,0.7087300000000014,17855
2026-07-13T15:00:00+00:00,0.7087300000000014,0.7090100000000014,0.7083500000000014,0.7085400000000014,9363
2026-07-13T16:00:00+00:00,0.7085400000000014,0.7088200000000013,0.7069000000000014,0.7073100000000013,11966
2026-07-13T17:00:00+00:00,0.7073100000000013,0.7077400000000014,0.7071600000000013,0.7072600000000013,7628
2026-07-13T18:00:00+00:00,0.7072600000000013,0.7073700000000014,0.7068900000000014,0.7073300000000013,6519
2026-07-13T19:00:00+00:00,0.7073300000000013,0.7073800000000013,0.7066200000000014,0.7069100000000014,5304
2026-07-13T20:00:00+00:00,0.7069100000000014,0.7069400000000013,0.7064500000000014,0.7068800000000014,2254
2026-07-13T21:00:00+00:00,0.7068800000000014,0.7069800000000014,0.7062400000000014,0.7069200000000013,566.3920406471068
2026-07-13T22:00:00+00:00,0.7069200000000013,0.7072500000000014,0.7068600000000013,0.7069000000000012,1576.9140546006067
2026-07-13T23:00:00+00:00,0.7069000000000012,0.7071900000000012,0.7067500000000012,0.7071700000000012,2923
2026-07-14T00:00:00+00:00,0.7071700000000012,0.7074400000000013,0.7065000000000012,0.7071100000000012,14651
2026-07-14T01:00:00+00:00,0.7071100000000012,0.7076400000000013,0.7068200000000012,0.7072600000000012,10520
2026-07-14T02:00:00+00:00,0.7072600000000012,0.7080400000000012,0.7072000000000013,0.7076000000000012,9071
2026-07-14T03:00:00+00:00,0.7076000000000012,0.7085200000000013,0.7073800000000012,0.7082500000000013,7847
2026-07-14T04:00:00+00:00,0.7082500000000013,0.7085800000000012,0.7080700000000012,0.7085200000000013,6454
2026-07-14T05:00:00+00:00,0.7085200000000013,0.7091000000000013,0.7084800000000012,0.7086500000000012,6204
2026-07-14T06:00:00+00:00,0.7086500000000012,0.7088000000000012,0.7080700000000012,0.7080900000000012,8311
2026-07-14T07:00:00+00:00,0.7080900000000012,0.7095300000000012,0.7079900000000012,0.7093100000000012,10688
2026-07-14T08:00:00+00:00,0.7093100000000012,0.7097700000000012,0.7089400000000012,0.7095700000000013,8290
2026-07-14T09:00:00+00:00,0.7095700000000013,0.7106000000000012,0.7095100000000012,0.7103900000000012,7747
2026-07-14T10:00:00+00:00,0.7103900000000012,0.7105500000000012,0.7092700000000013,0.7093000000000013,7516
2026-07-14T11:00:00+00:00,0.7093000000000013,0.7098000000000012,0.7090600000000012,0.7096900000000013,8393
2026-07-14T12:00:00+00:00,0.7096900000000013,0.7135800000000012,0.7093100000000012,0.7121500000000013,26248
2026-07-14T13:00:00+00:00,0.7121500000000013,0.7135500000000012,0.7120700000000012,0.7133700000000013,22133
2026-07-14T14:00:00+00:00,0.7133700000000013,0.7145400000000013,0.7130700000000012,0.7139000000000012,20072
2026-07-14T15:00:00+00:00,0.7139000000000012,0.7145300000000012,0.7123800000000012,0.7125300000000012,14966
2026-07-14T16:00:00+00:00,0.7125300000000012,0.7130700000000012,0.7120900000000012,0.7130300000000013,9417
2026-07-14T17:00:00+00:00,0.7130300000000013,0.7131700000000012,0.7123100000000012,0.7127400000000013,6687
2026-07-14T18:00:00+00:00,0.7127400000000013,0.7129200000000012,0.7121600000000012,0.7126800000000012,6244
2026-07-14T19:00:00+00:00,0.7126800000000012,0.7127700000000012,0.7123300000000012,0.7124800000000012,5645
2026-07-14T20:00:00+00:00,0.7124800000000012,0.7126900000000013,0.7123000000000013,0.7126100000000012,2047
2026-07-14T21:00:00+00:00,0.7126100000000012,0.7126100000000012,0.7118800000000012,0.7124500000000012,1301.6202381290855
2026-07-14T22:00:00+00:00,0.7124500000000012,0.7125800000000012,0.7123500000000013,0.7124100000000012,1250.4159530217764
2026-07-14T23:00:00+00:00,0.7124100000000012,0.7128800000000012,0.7123300000000012,0.7127600000000012,2116
2026-07-15T00:00:00+00:00,0.7127600000000012,0.7136900000000012,0.7126900000000012,0.7136400000000012,6197
2026-07-15T01:00:00+00:00,0.7136400000000012,0.7138700000000012,0.7130900000000012,0.7138200000000012,8705
2026-07-15T02:00:00+00:00,0.7138200000000012,0.7143400000000012,0.7133800000000012,0.7142800000000012,5808
2026-07-15T03:00:00+00:00,0.7142800000000012,0.7144300000000012,0.7135000000000012,0.7138400000000013,5426
2026-07-15T04:00:00+00:00,0.7138400000000013,0.7140200000000012,0.7134500000000012,0.7135100000000012,3168
2026-07-15T05:00:00+00:00,0.7135100000000012,0.7140800000000012,0.7133400000000012,0.7138500000000012,6169
2026-07-15T06:00:00+00:00,0.7138500000000012,0.7142300000000013,0.7135900000000012,0.7136400000000012,6601
2026-07-15T07:00:00+00:00,0.7136400000000012,0.7141500000000012,0.7129000000000012,0.7138100000000012,8088
2026-07-15T08:00:00+00:00,0.7138100000000012,0.7141400000000012,0.7135800000000012,0.7139500000000012,7296
2026-07-15T09:00:00+00:00,0.7139500000000012,0.7141900000000012,0.7136000000000012,0.7137400000000013,6672
2026-07-15T10:00:00+00:00,0.7137400000000013,0.7137600000000012,0.7131400000000012,0.7135200000000012,6793
2026-07-15T11:00:00+00:00,0.7135200000000012,0.7138600000000012,0.7134100000000012,0.7136800000000012,6709
2026-07-15T12:00:00+00:00,0.7136800000000012,0.7148700000000012,0.7134000000000013,0.7147600000000012,10517
2026-07-15T13:00:00+00:00,0.7147600000000012,0.7150200000000012,0.7141300000000012,0.7145400000000012,11060
2026-07-15T14:00:00+00:00,0.7145400000000012,0.7151100000000012,0.7143200000000012,0.7150400000000012,14112
2026-07-15T15:00:00+00:00,0.7150400000000012,0.7154300000000012,0.7146400000000012,0.7149400000000012,10627
2026-07-15T16:00:00+00:00,0.7149400000000012,0.7150300000000012,0.7140400000000012,0.7144800000000012,9605
2026-07-15T17:00:00+00:00,0.7144800000000012,0.7167700000000012,0.7144700000000012,0.7165800000000012,8374
2026-07-15T18:00:00+00:00,0.7165800000000012,0.7172500000000012,0.7159700000000012,0.7159800000000012,6446
2026-07-15T19:00:00+00:00,0.7159800000000012,0.7164400000000012,0.7156000000000012,0.7158500000000012,7098
2026-07-15T20:00:00+00:00,0.7158500000000012,0.7159400000000012,0.7155800000000012,0.7156500000000012,2094
2026-07-15T21:00:00+00:00,0.7156500000000012,0.7156500000000012,0.7147100000000013,0.7148100000000013,1488.8398074464449
2026-07-15T22:00:00+00:00,0.7148100000000013,0.7153000000000013,0.7148100000000013,0.7151700000000013,1094.6459639268062
2026-07-15T23:00:00+00:00,0.7151700000000013,0.7156200000000013,0.7151600000000012,0.7153600000000012,2149.450565311523
2026-07-16T00:00:00+00:00,0.7153600000000012,0.7156800000000013,0.7141600000000012,0.7144400000000013,6852
2026-07-16T01:00:00+00:00,0.7144400000000013,0.7145300000000012,0.7136100000000013,0.7138100000000013,8322
2026-07-16T02:00:00+00:00,0.7138100000000013,0.7141600000000012,0.7132000000000013,0.7141300000000013,6478
2026-07-16T03:00:00+00:00,0.7141300000000013,0.7147400000000013,0.7140500000000013,0.7146600000000013,4711
2026-07-16T04:00:00+00:00,0.7146600000000013,0.7149500000000013,0.7144600000000013,0.7145000000000012,4487
2026-07-16T05:00:00+00:00,0.7145000000000012,0.7147300000000013,0.7139900000000012,0.7140600000000012,6482
2026-07-16T06:00:00+00:00,0.7140600000000012,0.7146600000000013,0.7140000000000013,0.7145600000000013,8249
2026-07-16T07:00:00+00:00,0.7145600000000013,0.7147200000000012,0.7142500000000013,0.7143300000000012,6525
2026-07-16T08:00:00+00:00,0.7143300000000012,0.7146000000000012,0.7140000000000013,0.7144400000000013,7396
2026-07-16T09:00:00+00:00,0.7144400000000013,0.7149200000000012,0.7142800000000012,0.7145400000000013,7177
2026-07-16T10:00:00+00:00,0.7145400000000013,0.7151400000000012,0.7144900000000013,0.7149100000000013,5264
2026-07-16T11:00:00+00:00,0.7149100000000013,0.7153600000000012,0.7140800000000013,0.7153200000000013,8612
2026-07-16T12:00:00+00:00,0.7153200000000013,0.7156300000000013,0.7142300000000013,0.7143600000000012,10631
2026-07-16T13:00:00+00:00,0.7143600000000012,0.7155800000000012,0.7143300000000012,0.7149200000000012,12547
2026-07-16T14:00:00+00:00,0.7149200000000012,0.7158500000000013,0.7147900000000013,0.7150700000000013,12261
2026-07-16T15:00:00+00:00,0.7150700000000013,0.7152000000000013,0.7146100000000013,0.7147500000000012,9929
2026-07-16T16:00:00+00:00,0.7147500000000012,0.7148100000000013,0.7138300000000013,0.7139800000000013,6998
2026-07-16T17:00:00+00:00,0.7139800000000013,0.7141400000000012,0.7136000000000012,0.7138900000000012,5873
2026-07-16T18:00:00+00:00,0.7138900000000012,0.7141700000000013,0.7137400000000013,0.7141100000000012,7126
2026-07-16T19:00:00+00:00,0.7141100000000012,0.7142300000000013,0.7137600000000013,0.7141400000000012,5555
2026-07-16T20:00:00+00:00,0.7141400000000012,0.7143700000000013,0.7140400000000012,0.7142600000000012,2158
2026-07-16T21:00:00+00:00,0.7142600000000012,0.7147200000000012,0.7138200000000013,0.7143800000000012,1072.0680895860555
2026-07-16T22:00:00+00:00,0.7143800000000012,0.7148100000000013,0.7143700000000013,0.7146000000000012,1306
2026-07-16T23:00:00+00:00,0.7146000000000012,0.7150300000000013,0.7145600000000013,0.7150000000000013,1904
2026-07-17T00:00:00+00:00,0.7150000000000013,0.7151000000000013,0.7141300000000013,0.7148500000000013,7154
2026-07-17T01:00:00+00:00,0.7148500000000013,0.7150500000000013,0.7130300000000013,0.7133100000000012,9147
2026-07-17T02:00:00+00:00,0.7133100000000012,0.7135200000000013,0.7127500000000012,0.7129000000000013,6562
2026-07-17T03:00:00+00:00,0.7129000000000013,0.7137400000000013,0.7129000000000013,0.7132400000000013,4505
2026-07-17T04:00:00+00:00,0.7132400000000013,0.7132600000000012,0.7126100000000013,0.7128900000000012,5304
2026-07-17T05:00:00+00:00,0.7128900000000012,0.7130700000000013,0.7126300000000013,0.7128000000000013,7911
2026-07-17T06:00:00+00:00,0.7128000000000013,0.7140200000000013,0.7127500000000012,0.7135600000000013,9004
2026-07-17T07:00:00+00:00,0.7135600000000013,0.7140100000000013,0.7133200000000013,0.7133500000000013,7952
2026-07-17T08:00:00+00:00,0.7133500000000013,0.7137600000000013,0.7121700000000013,0.7122500000000013,10564
2026-07-17T09:00:00+00:00,0.7122500000000013,0.7125200000000013,0.7115900000000013,0.7121800000000013,7789
2026-07-17T10:00:00+00:00,0.7121800000000013,0.7123200000000013,0.7118700000000012,0.7120100000000013,6454
2026-07-17T11:00:00+00:00,0.7120100000000013,0.7127800000000013,0.7116900000000013,0.7124400000000013,6896
2026-07-17T12:00:00+00:00,0.7124400000000013,0.7126100000000013,0.7117900000000013,0.7119200000000012,7703
2026-07-17T13:00:00+00:00,0.7119200000000012,0.7128000000000013,0.7116100000000013,0.7127700000000012,12631
2026-07-17T14:00:00+00:00,0.7127700000000012,0.7133300000000012,0.7126200000000013,0.7130800000000013,12652
2026-07-17T15:00:00+00:00,0.7130800000000013,0.7135500000000012,0.7128800000000013,0.7133700000000013,10923
2026-07-17T16:00:00+00:00,0.7133700000000013,0.7137200000000012,0.7128500000000013,0.7133400000000013,9363
2026-07-17T17:00:00+00:00,0.7133400000000013,0.7135100000000013,0.7130900000000012,0.7131700000000013,5926
2026-07-17T18:00:00+00:00,0.7131700000000013,0.7134200000000013,0.7130600000000012,0.7131600000000012,5792
2026-07-17T19:00:00+00:00,0.7131600000000012,0.7135400000000013,0.7128900000000012,0.7134100000000013,4492
2026-07-17T20:00:00+00:00,0.7134100000000013,0.7134500000000012,0.7128600000000013,0.7128900000000012,2141.9133170220202
2026-07-19T21:00:00+00:00,0.7128900000000012,0.7129100000000009,0.7125500000000013,0.712900000000001,419.4689425857612
2026-07-19T22:00:00+00:00,0.712900000000001,0.714160000000001,0.7128800000000011,0.713950000000001,4910
2026-07-19T23:00:00+00:00,0.713950000000001,0.7143300000000009,0.7138000000000009,0.7143300000000009,3244
2026-07-20T00:00:00+00:00,0.7143300000000009,0.7150200000000009,0.7139200000000009,0.7149200000000009,8545
2026-07-20T01:00:00+00:00,0.7149200000000009,0.715440000000001,0.7149000000000009,0.7152600000000009,8994
2026-07-20T02:00:00+00:00,0.7152600000000009,0.7159900000000009,0.7151900000000009,0.7156700000000009,8058
2026-07-20T03:00:00+00:00,0.7156700000000009,0.7159400000000009,0.7154100000000009,0.7158200000000009,5112
2026-07-20T04:00:00+00:00,0.7158200000000009,0.7163800000000009,0.7157900000000009,0.7161300000000009,4130
2026-07-20T05:00:00+00:00,0.7161300000000009,0.7161900000000009,0.7154700000000009,0.7155300000000009,5893
2026-07-20T06:00:00+00:00,0.7155300000000009,0.7157400000000009,0.7150300000000009,0.7154300000000009,7319
2026-07-20T07:00:00+00:00,0.7154300000000009,0.716930000000001,0.715370000000001,0.7164800000000009,10295
2026-07-20T08:00:00+00:00,0.7164800000000009,0.716760000000001,0.716200000000001,0.716490000000001,6781
2026-07-20T09:00:00+00:00,0.716490000000001,0.716490000000001,0.7160400000000009,0.716320000000001,6182
2026-07-20T10:00:00+00:00,0.716320000000001,0.7172600000000009,0.716220000000001,0.7171300000000009,4659
2026-07-20T11:00:00+00:00,0.7171300000000009,0.717930000000001,0.7169000000000009,0.717390000000001,10431
2026-07-20T12:00:00+00:00,0.717390000000001,0.7174000000000009,0.7165500000000009,0.7169500000000009,10620
2026-07-20T13:00:00+00:00,0.7169500000000009,0.717590000000001,0.7167500000000009,0.7175300000000009,11081
2026-07-20T14:00:00+00:00,0.7175300000000009,0.7178700000000009,0.7162400000000009,0.7164800000000009,11486
2026-07-20T15:00:00+00:00,0.7164800000000009,0.7168200000000009,0.716270000000001,0.7167200000000009,10687
2026-07-20T16:00:00+00:00,0.7167200000000009,0.7172600000000009,0.716370000000001,0.7167900000000009,7727
2026-07-20T17:00:00+00:00,0.7167900000000009,0.7169600000000009,0.7166200000000009,0.716830000000001,5434
2026-07-20T18:00:00+00:00,0.716830000000001,0.717200000000001,0.7164600000000009,0.7166800000000009,5728
2026-07-20T19:00:00+00:00,0.7166800000000009,0.7167700000000009,0.716270000000001,0.7164500000000009,7084
2026-07-20T20:00:00+00:00,0.7164500000000009,0.7165600000000009,0.7160900000000009,0.7162600000000009,1628.7354885725604
2026-07-20T21:00:00+00:00,0.7162600000000009,0.7162600000000009,0.715270000000001,0.715660000000001,3139.8046676011095
2026-07-20T22:00:00+00:00,0.715660000000001,0.7159900000000009,0.715490000000001,0.715710000000001,1863
2026-07-20T23:00:00+00:00,0.715710000000001,0.716270000000001,0.7156500000000009,0.716220000000001,2646
2026-07-21T00:00:00+00:00,0.716220000000001,0.7167400000000009,0.7158600000000009,0.7163500000000009,8079
2026-07-21T01:00:00+00:00,0.7163500000000009,0.716950000000001,0.7162600000000009,0.7167200000000009,7856
2026-07-21T02:00:00+00:00,0.7167200000000009,0.717150000000001,0.7165800000000009,0.716830000000001,6617
2026-07-21T03:00:00+00:00,0.716830000000001,0.7169400000000009,0.716560000000001,0.7165800000000009,5412
2026-07-21T04:00:00+00:00,0.7165800000000009,0.7169600000000009,0.716560000000001,0.7169400000000009,4153
2026-07-21T05:00:00+00:00,0.7169400000000009,0.7172400000000009,0.716810000000001,0.7170300000000009,4703
2026-07-21T06:00:00+00:00,0.7170300000000009,0.7180400000000009,0.7170200000000009,0.717930000000001,6445
2026-07-21T07:00:00+00:00,0.717930000000001,0.7184600000000009,0.717780000000001,0.7180600000000009,6611
2026-07-21T08:00:00+00:00,0.7180600000000009,0.7184800000000009,0.7180200000000009,0.718390000000001,5465
2026-07-21T09:00:00+00:00,0.718390000000001,0.7188000000000009,0.7183100000000009,0.718560000000001,5187
2026-07-21T10:00:00+00:00,0.718560000000001,0.7188600000000009,0.718050000000001,0.7181300000000009,6160
2026-07-21T11:00:00+00:00,0.7181300000000009,0.7181800000000009,0.7176500000000009,0.717980000000001,5829
2026-07-21T12:00:00+00:00,0.717980000000001,0.7180800000000009,0.717270000000001,0.7178000000000009,7406
2026-07-21T13:00:00+00:00,0.7178000000000009,0.7178600000000009,0.716440000000001,0.716710000000001,11226
2026-07-21T14:00:00+00:00,0.716710000000001,0.717440000000001,0.716440000000001,0.7166300000000009,11424
2026-07-21T15:00:00+00:00,0.7166300000000009,0.717440000000001,0.7165000000000009,0.716900000000001,8237
2026-07-21T16:00:00+00:00,0.716900000000001,0.7169900000000009,0.7165300000000009,0.7168600000000009,3641
2026-07-21T17:00:00+00:00,0.7168600000000009,0.7169700000000009,0.7166800000000009,0.716760000000001,3492
2026-07-21T18:00:00+00:00,0.716760000000001,0.7168000000000009,0.7164300000000009,0.716710000000001,3673
2026-07-21T19:00:00+00:00,0.716710000000001,0.7167700000000009,0.7162300000000009,0.716510000000001,3769
2026-07-21T20:00:00+00:00,0.716510000000001,0.7165200000000009,0.7159400000000009,0.7160600000000009,2019
2026-07-21T21:00:00+00:00,0.7160600000000009,0.7163500000000009,0.7156300000000009,0.7160800000000009,979.3042599786609
2026-07-21T22:00:00+00:00,0.7160800000000009,0.7162500000000009,0.715950000000001,0.716000000000001,1089
2026-07-21T23:00:00+00:00,0.716000000000001,0.7163000000000009,0.7159100000000009,0.716280000000001,1733
2026-07-22T00:00:00+00:00,0.716280000000001,0.717180000000001,0.716120000000001,0.717140000000001,6540
2026-07-22T01:00:00+00:00,0.717140000000001,0.717490000000001,0.716550000000001,0.716800000000001,7075
2026-07-22T02:00:00+00:00,0.716800000000001,0.717040000000001,0.716280000000001,0.7166400000000009,5580
2026-07-22T03:00:00+00:00,0.7166400000000009,0.716830000000001,0.716060000000001,0.716150000000001,5820
2026-07-22T04:00:00+00:00,0.716150000000001,0.7163000000000009,0.715870000000001,0.716160000000001,3342
2026-07-22T05:00:00+00:00,0.716160000000001,0.716260000000001,0.715580000000001,0.715950000000001,5709
2026-07-22T06:00:00+00:00,0.715950000000001,0.716240000000001,0.715220000000001,0.715840000000001,6650
2026-07-22T07:00:00+00:00,0.715840000000001,0.7167400000000009,0.715680000000001,0.715840000000001,9014
2026-07-22T08:00:00+00:00,0.715840000000001,0.716170000000001,0.715450000000001,0.715970000000001,7290
2026-07-22T09:00:00+00:00,0.715970000000001,0.716160000000001,0.7154200000000009,0.715620000000001,7244
2026-07-22T10:00:00+00:00,0.715620000000001,0.715820000000001,0.715380000000001,0.715490000000001,5983
2026-07-22T11:00:00+00:00,0.715490000000001,0.715680000000001,0.715150000000001,0.715660000000001,7300
2026-07-22T12:00:00+00:00,0.715660000000001,0.715840000000001,0.7142500000000009,0.714710000000001,7816
2026-07-22T13:00:00+00:00,0.714710000000001,0.716190000000001,0.714700000000001,0.715730000000001,10887
2026-07-22T14:00:00+00:00,0.715730000000001,0.716160000000001,0.715480000000001,0.715850000000001,10538
2026-07-22T15:00:00+00:00,0.715850000000001,0.716270000000001,0.715710000000001,0.716270000000001,7580
2026-07-22T16:00:00+00:00,0.716270000000001,0.716320000000001,0.715570000000001,0.715780000000001,5243
2026-07-22T17:00:00+00:00,0.715780000000001,0.715920000000001,0.715430000000001,0.715480000000001,3827
2026-07-22T18:00:00+00:00,0.715480000000001,0.715760000000001,0.715320000000001,0.715720000000001,3806
2026-07-22T19:00:00+00:00,0.715720000000001,0.715830000000001,0.715530000000001,0.715750000000001,3642
2026-07-22T20:00:00+00:00,0.715750000000001,0.716060000000001,0.715720000000001,0.715820000000001,3210
2026-07-22T21:00:00+00:00,0.715820000000001,0.715900000000001,0.714840000000001,0.715130000000001,1720.6652520243438
2026-07-22T22:00:00+00:00,0.715130000000001,0.7155300000000011,0.7148800000000011,0.7150900000000011,1602
2026-07-22T23:00:00+00:00,0.7150900000000011,0.715280000000001,0.715030000000001,0.7151500000000011,2191
2026-07-23T00:00:00+00:00,0.7151500000000011,0.715670000000001,0.715030000000001,0.715640000000001,5845
2026-07-23T01:00:00+00:00,0.715640000000001,0.718300000000001,0.715640000000001,0.717300000000001,11027
2026-07-23T02:00:00+00:00,0.717300000000001,0.7179800000000011,0.7172000000000011,0.7177800000000011,6779
2026-07-23T03:00:00+00:00,0.7177800000000011,0.718130000000001,0.7173600000000011,0.7180700000000011,6285
2026-07-23T04:00:00+00:00,0.7180700000000011,0.7183400000000011,0.7175500000000011,0.7177300000000011,5703
2026-07-23T05:00:00+00:00,0.7177300000000011,0.717940000000001,0.7174100000000011,0.7174400000000011,5158
2026-07-23T06:00:00+00:00,0.7174400000000011,0.7177000000000011,0.7167700000000011,0.716790000000001,5825
2026-07-23T07:00:00+00:00,0.716790000000001,0.7171900000000011,0.7159400000000011,0.716570000000001,9819
2026-07-23T08:00:00+00:00,0.716570000000001,0.7167000000000011,0.7159700000000011,0.716280000000001,8673
2026-07-23T09:00:00+00:00,0.716280000000001,0.7168200000000011,0.7159800000000011,0.7160900000000011,6289
2026-07-23T10:00:00+00:00,0.7160900000000011,0.7162900000000011,0.7157700000000011,0.7159800000000011,6330
2026-07-23T11:00:00+00:00,0.7159800000000011,0.716060000000001,0.7146300000000011,0.715520000000001,8823
2026-07-23T12:00:00+00:00,0.715520000000001,0.7156100000000011,0.7136800000000011,0.714110000000001,10853
2026-07-23T13:00:00+00:00,0.714110000000001,0.7144600000000011,0.712960000000001,0.713500000000001,16610
2026-07-23T14:00:00+00:00,0.713500000000001,0.714110000000001,0.713080000000001,0.7135600000000011,16885
2026-07-23T15:00:00+00:00,0.7135600000000011,0.713860000000001,0.712690000000001,0.7136500000000011,14459
2026-07-23T16:00:00+00:00,0.7136500000000011,0.714080000000001,0.7135400000000011,0.714010000000001,8724
2026-07-23T17:00:00+00:00,0.714010000000001,0.714030000000001,0.7131500000000011,0.7131600000000011,7257
2026-07-23T18:00:00+00:00,0.7131600000000011,0.7132200000000011,0.7126600000000011,0.712840000000001,5376
2026-07-23T19:00:00+00:00,0.712840000000001,0.7129500000000011,0.7124400000000011,0.712810000000001,5160
2026-07-23T20:00:00+00:00,0.712810000000001,0.7131000000000011,0.712810000000001,0.7129700000000011,1946
2026-07-23T21:00:00+00:00,0.7129700000000011,0.7130700000000011,0.7123300000000011,0.7129400000000011,1303.5229077493145
2026-07-23T22:00:00+00:00,0.7129400000000011,0.7131000000000011,0.7128800000000011,0.713060000000001,1340
2026-07-23T23:00:00+00:00,0.713060000000001,0.7131900000000011,0.7128000000000011,0.7129200000000011,2204
2026-07-24T00:00:00+00:00,0.7129200000000011,0.7139000000000011,0.7128200000000011,0.7138700000000011,7339
2026-07-24T01:00:00+00:00,0.7138700000000011,0.714180000000001,0.7134100000000011,0.7138300000000011,7781
2026-07-24T02:00:00+00:00,0.7138300000000011,0.7143100000000011,0.7135300000000011,0.7135300000000011,6684
2026-07-24T03:00:00+00:00,0.7135300000000011,0.7139200000000011,0.7135100000000011,0.7136800000000011,4935
2026-07-24T04:00:00+00:00,0.7136800000000011,0.7139300000000011,0.713350000000001,0.7135500000000011,4678
2026-07-24T05:00:00+00:00,0.7135500000000011,0.7142000000000011,0.713500000000001,0.7135400000000011,6183
2026-07-24T06:00:00+00:00,0.7135400000000011,0.714570000000001,0.7135400000000011,0.714570000000001,6352
2026-07-24T07:00:00+00:00,0.714570000000001,0.715180000000001,0.7144100000000011,0.7146500000000011,7539
2026-07-24T08:00:00+00:00,0.7146500000000011,0.715130000000001,0.7144800000000011,0.7149900000000011,6267
2026-07-24T09:00:00+00:00,0.7149900000000011,0.715420000000001,0.7148500000000011,0.715420000000001,5698
2026-07-24T10:00:00+00:00,0.715420000000001,0.7157700000000011,0.7152400000000011,0.7153900000000011,5547
2026-07-24T11:00:00+00:00,0.7153900000000011,0.7155600000000011,0.714740000000001,0.715030000000001,5462
2026-07-24T12:00:00+00:00,0.715030000000001,0.715110000000001,0.7136800000000011,0.713860000000001,7253
2026-07-24T13:00:00+00:00,0.713860000000001,0.714010000000001,0.7134900000000011,0.7139300000000011,10118
2026-07-24T14:00:00+00:00,0.7139300000000011,0.7151500000000011,0.7139200000000011,0.7149800000000011,11747
2026-07-24T15:00:00+00:00,0.7149800000000011,0.716300000000001,0.7149500000000011,0.7157500000000011,12163
2026-07-24T16:00:00+00:00,0.7157500000000011,0.7158200000000011,0.715080000000001,0.7152700000000011,6043
2026-07-24T17:00:00+00:00,0.7152700000000011,0.7153200000000011,0.7146600000000011,0.7148100000000011,5432
2026-07-24T18:00:00+00:00,0.7148100000000011,0.714860000000001,0.714350000000001,0.7145100000000011,4606
2026-07-24T19:00:00+00:00,0.7145100000000011,0.7145500000000011,0.714130000000001,0.7142600000000011,5659
2026-07-24T20:00:00+00:00,0.7142600000000011,0.714330000000001,0.7139300000000011,0.7140200000000011,1687.9475062921156
2026-07-26T21:00:00+00:00,0.7140200000000011,0.7147300000000011,0.7135400000000011,0.7141000000000011,1483.2145210753877
2026-07-26T22:00:00+00:00,0.7141000000000011,0.714790000000001,0.713210000000001,0.713310000000001,3571
2026-07-26T23:00:00+00:00,0.713310000000001,0.7136800000000011,0.713200000000001,0.7135400000000011,3348
2026-07-27T00:00:00+00:00,0.7135400000000011,0.714350000000001,0.713400000000001,0.713450000000001,11380
2026-07-27T01:00:00+00:00,0.713450000000001,0.7146800000000011,0.713400000000001,0.7146600000000011,9442
2026-07-27T02:00:00+00:00,0.7146600000000011,0.714690000000001,0.7139500000000011,0.713990000000001,7224
2026-07-27T03:00:00+00:00,0.713990000000001,0.7141500000000011,0.713500000000001,0.713970000000001,5087
2026-07-27T04:00:00+00:00,0.713970000000001,0.714110000000001,0.713550000000001,0.7137800000000011,4440
2026-07-27T05:00:00+00:00,0.7137800000000011,0.7144900000000011,0.713740000000001,0.7143200000000011,4526
2026-07-27T06:00:00+00:00,0.7143200000000011,0.715260000000001,0.714230000000001,0.714700000000001,6481
2026-07-27T07:00:00+00:00,0.714700000000001,0.715110000000001,0.714160000000001,0.714160000000001,7990
2026-07-27T08:00:00+00:00,0.714160000000001,0.714530000000001,0.7141200000000011,0.714430000000001,6522
2026-07-27T09:00:00+00:00,0.714430000000001,0.7145100000000011,0.714080000000001,0.7143200000000011,5452
2026-07-27T10:00:00+00:00,0.7143200000000011,0.714700000000001,0.7140700000000011,0.714350000000001,5743
2026-07-27T11:00:00+00:00,0.714350000000001,0.7145900000000011,0.7138500000000011,0.7139300000000011,6889
2026-07-27T12:00:00+00:00,0.7139300000000011,0.7142200000000011,0.713400000000001,0.7137600000000011,7352
2026-07-27T13:00:00+00:00,0.7137600000000011,0.714250000000001,0.7135600000000011,0.713740000000001,10386
2026-07-27T14:00:00+00:00,0.713740000000001,0.713860000000001,0.7126600000000011,0.7133900000000011,12867
2026-07-27T15:00:00+00:00,0.7133900000000011,0.713740000000001,0.7131000000000011,0.7133700000000011,10797
2026-07-27T16:00:00+00:00,0.7133700000000011,0.714090000000001,0.713190000000001,0.713600000000001,8011
2026-07-27T17:00:00+00:00,0.713600000000001,0.7136100000000011,0.7128300000000011,0.7130700000000011,6773
2026-07-27T18:00:00+00:00,0.7130700000000011,0.7131000000000011,0.712740000000001,0.712990000000001,6818
2026-07-27T19:00:00+00:00,0.712990000000001,0.713500000000001,0.712910000000001,0.713380000000001,4473
2026-07-27T20:00:00+00:00,0.713380000000001,0.713410000000001,0.712970000000001,0.712970000000001,1438
2026-07-27T21:00:00+00:00,0.712970000000001,0.713720000000001,0.7128300000000011,0.7132400000000011,1182.9174045994855
2026-07-27T22:00:00+00:00,0.7132400000000011,0.7132400000000011,0.7130600000000011,0.7130700000000011,1163.1321904761905
2026-07-27T23:00:00+00:00,0.7130700000000011,0.7130700000000011,0.7128300000000011,0.7130200000000011,1924
2026-07-28T00:00:00+00:00,0.7130200000000011,0.7133200000000011,0.7124900000000011,0.7132700000000011,6925
2026-07-28T01:00:00+00:00,0.7132700000000011,0.713790000000001,0.7129400000000011,0.713300000000001,8361
2026-07-28T02:00:00+00:00,0.713300000000001,0.7140000000000011,0.713200000000001,0.7136800000000011,7434
2026-07-28T03:00:00+00:00,0.7136800000000011,0.713810000000001,0.7123700000000011,0.7124600000000011,9370
2026-07-28T04:00:00+00:00,0.7124600000000011,0.7124600000000011,0.7113300000000011,0.7114600000000011,5931
2026-07-28T05:00:00+00:00,0.7114600000000011,0.7115300000000011,0.7106300000000011,0.711030000000001,6929
2026-07-28T06:00:00+00:00,0.711030000000001,0.711860000000001,0.7107000000000011,0.711470000000001,6757
2026-07-28T07:00:00+00:00,0.711470000000001,0.7119700000000011,0.710960000000001,0.7112300000000011,7610
2026-07-28T08:00:00+00:00,0.7112300000000011,0.7117100000000011,0.7109500000000011,0.7116700000000011,9073
2026-07-28T09:00:00+00:00,0.7116700000000011,0.7118300000000011,0.7108000000000011,0.7108500000000011,5663
2026-07-28T10:00:00+00:00,0.7108500000000011,0.7110600000000011,0.7106000000000011,0.7108700000000011,6392
2026-07-28T11:00:00+00:00,0.7108700000000011,0.7110900000000011,0.7106300000000011,0.7108500000000011,9516
2026-07-28T12:00:00+00:00,0.7108500000000011,0.7115100000000011,0.710810000000001,0.7112600000000011,6984
2026-07-28T13:00:00+00:00,0.7112600000000011,0.7117500000000011,0.7108800000000011,0.7114300000000011,9345
2026-07-28T14:00:00+00:00,0.7114300000000011,0.7117800000000011,0.7106600000000011,0.7110200000000011,11566
2026-07-28T15:00:00+00:00,0.7110200000000011,0.7126500000000011,0.7108900000000011,0.7126500000000011,13288
2026-07-28T16:00:00+00:00,0.7126500000000011,0.7129900000000011,0.712400000000001,0.7125400000000011,7599
2026-07-28T17:00:00+00:00,0.7125400000000011,0.7127000000000011,0.711810000000001,0.7118700000000011,5301
2026-07-28T18:00:00+00:00,0.7118700000000011,0.7120700000000011,0.7117100000000011,0.7118200000000011,4448
2026-07-28T19:00:00+00:00,0.7118200000000011,0.7121200000000011,0.7117800000000011,0.7118000000000011,3843
2026-07-28T20:00:00+00:00,0.7118000000000011,0.7119000000000011,0.7116700000000011,0.7116700000000011,2053
2026-07-28T21:00:00+00:00,0.7116700000000011,0.7116700000000011,0.710910000000001,0.7111600000000011,5130.203748724278
2026-07-28T22:00:00+00:00,0.7111600000000011,0.711590000000001,0.7109900000000011,0.7112700000000011,2217
2026-07-28T23:00:00+00:00,0.7112700000000011,0.7117500000000011,0.7111600000000011,0.7114100000000011,3299
2026-07-29T00:00:00+00:00,0.7114100000000011,0.711590000000001,0.7108900000000011,0.7109600000000011,8339
2026-07-29T01:00:00+00:00,0.7109600000000011,0.7112300000000011,0.7076900000000012,0.7086300000000011,15837
2026-07-29T02:00:00+00:00,0.7086300000000011,0.7096300000000011,0.7083800000000011,0.7088000000000011,10651
2026-07-29T03:00:00+00:00,0.7088000000000011,0.7090800000000012,0.708370000000001,0.7086600000000011,7437
2026-07-29T04:00:00+00:00,0.7086600000000011,0.7092600000000011,0.7082100000000011,0.709200000000001,7977
2026-07-29T05:00:00+00:00,0.709200000000001,0.7097200000000011,0.7091600000000011,0.7095400000000011,7347
2026-07-29T06:00:00+00:00,0.7095400000000011,0.7099200000000011,0.7091100000000011,0.709200000000001,5901
2026-07-29T07:00:00+00:00,0.709200000000001,0.7096500000000011,0.7086900000000012,0.7087500000000011,5713
2026-07-29T08:00:00+00:00,0.7087500000000011,0.7087800000000011,0.7080700000000011,0.7083000000000012,5922
2026-07-29T09:00:00+00:00,0.7083000000000012,0.7084700000000012,0.7080000000000011,0.7081000000000011,4988
2026-07-29T10:00:00+00:00,0.7081000000000011,0.7083500000000011,0.7078900000000011,0.7080900000000011,6089
2026-07-29T11:00:00+00:00,0.7080900000000011,0.7085100000000011,0.7079600000000011,0.7083100000000011,5020
2026-07-29T12:00:00+00:00,0.7083100000000011,0.7084100000000011,0.7074700000000012,0.708200000000001,7910
2026-07-29T13:00:00+00:00,0.708200000000001,0.7089200000000011,0.707980000000001,0.7088900000000011,9096
2026-07-29T14:00:00+00:00,0.7088900000000011,0.7091000000000011,0.706370000000001,0.706370000000001,12034
2026-07-29T15:00:00+00:00,0.706370000000001,0.7070500000000011,0.7062800000000011,0.7069100000000011,9803
2026-07-29T16:00:00+00:00,0.7069100000000011,0.7069700000000011,0.706200000000001,0.7068000000000011,7049
2026-07-29T17:00:00+00:00,0.7068000000000011,0.7076300000000011,0.7067000000000011,0.707370000000001,7100
2026-07-29T18:00:00+00:00,0.707370000000001,0.7124100000000011,0.7067100000000011,0.7123800000000011,34699
2026-07-29T19:00:00+00:00,0.7123800000000011,0.7128400000000011,0.7086900000000012,0.7087800000000011,34366
2026-07-29T20:00:00+00:00,0.7087800000000011,0.7095100000000011,0.7084800000000011,0.709370000000001,9549
2026-07-29T21:00:00+00:00,0.709370000000001,0.709370000000001,0.708590000000001,0.7088300000000011,2480
2026-07-29T22:00:00+00:00,0.7088300000000011,0.7098500000000011,0.7088300000000011,0.709810000000001,2053
2026-07-29T23:00:00+00:00,0.709810000000001,0.7104000000000011,0.7097400000000011,0.7098600000000012,4245
2026-07-30T00:00:00+00:00,0.7098600000000012,0.7105400000000011,0.7090200000000011,0.709640000000001,13417
2026-07-30T01:00:00+00:00,0.709640000000001,0.7103700000000011,0.7095500000000011,0.7098400000000011,9547
2026-07-30T02:00:00+00:00,0.7098400000000011,0.7102300000000011,0.7094100000000011,0.7094100000000011,7109
2026-07-30T03:00:00+00:00,0.7094100000000011,0.7097000000000011,0.7089400000000011,0.7090600000000011,7182
2026-07-30T04:00:00+00:00,0.7090600000000011,0.7093600000000011,0.7089000000000011,0.7090000000000011,5448
2026-07-30T05:00:00+00:00,0.7090000000000011,0.7096500000000011,0.7087800000000011,0.708980000000001,7790
2026-07-30T06:00:00+00:00,0.708980000000001,0.7095400000000011,0.708590000000001,0.7093000000000012,8549
2026-07-30T07:00:00+00:00,0.7093000000000012,0.7102200000000011,0.7089900000000011,0.7090200000000011,11326
2026-07-30T08:00:00+00:00,0.7090200000000011,0.710430000000001,0.7089700000000011,0.7100700000000011,8530
2026-07-30T09:00:00+00:00,0.7100700000000011,0.7116800000000011,0.7100500000000011,0.7113400000000011,8766
2026-07-30T10:00:00+00:00,0.7113400000000011,0.712420000000001,0.7112200000000011,0.711750000000001,9860
2026-07-30T11:00:00+00:00,0.711750000000001,0.712310000000001,0.711530000000001,0.712310000000001,6655
2026-07-30T12:00:00+00:00,0.712310000000001,0.712520000000001,0.7115600000000011,0.7116100000000011,10677
2026-07-30T13:00:00+00:00,0.7116100000000011,0.715960000000001,0.7114400000000011,0.7159500000000011,19686
2026-07-30T14:00:00+00:00,0.7159500000000011,0.716500000000001,0.714350000000001,0.714520000000001,23471
2026-07-30T15:00:00+00:00,0.714520000000001,0.716500000000001,0.714430000000001,0.716190000000001,13266
2026-07-30T16:00:00+00:00,0.716190000000001,0.716920000000001,0.716190000000001,0.7167300000000011,8481
2026-07-30T17:00:00+00:00,0.7167300000000011,0.717190000000001,0.7162900000000011,0.717090000000001,9544
2026-07-30T18:00:00+00:00,0.717090000000001,0.7173900000000011,0.7167800000000011,0.7170200000000011,5795
2026-07-30T19:00:00+00:00,0.7170200000000011,0.717330000000001,0.716860000000001,0.717260000000001,4729
2026-07-30T20:00:00+00:00,0.717260000000001,0.717410000000001,0.716520000000001,0.7165600000000011,3690
2026-07-30T21:00:00+00:00,0.7165600000000011,0.7167400000000009,0.716040000000001,0.716460000000001,691.8635045557241
2026-07-30T22:00:00+00:00,0.716460000000001,0.7171300000000009,0.716460000000001,0.7169700000000009,1974.341416893733
2026-07-30T23:00:00+00:00,0.7169700000000009,0.717170000000001,0.716410000000001,0.7165500000000009,3704
2026-07-31T00:00:00+00:00,0.7165500000000009,0.7173000000000009,0.716410000000001,0.7170600000000009,8596
2026-07-31T01:00:00+00:00,0.7170600000000009,0.7173800000000009,0.716320000000001,0.716490000000001,8138
2026-07-31T02:00:00+00:00,0.716490000000001,0.716660000000001,0.716120000000001,0.7165700000000009,5915
2026-07-31T03:00:00+00:00,0.7165700000000009,0.716680000000001,0.7160600000000009,0.716610000000001,5901
2026-07-31T04:00:00+00:00,0.716610000000001,0.7171800000000009,0.7166000000000009,0.7168000000000009,4766
2026-07-31T05:00:00+00:00,0.7168000000000009,0.717220000000001,0.7167400000000009,0.717050000000001,4562
2026-07-31T06:00:00+00:00,0.717050000000001,0.7179200000000009,0.716900000000001,0.717390000000001,8675
2026-07-31T07:00:00+00:00,0.717390000000001,0.7178200000000009,0.7169900000000009,0.717150000000001,8031
2026-07-31T08:00:00+00:00,0.717150000000001,0.718460000000001,0.7166500000000009,0.718240000000001,9117
2026-07-31T09:00:00+00:00,0.718240000000001,0.7185500000000009,0.7169600000000009,0.717490000000001,9451
2026-07-31T10:00:00+00:00,0.717490000000001,0.717660000000001,0.7170400000000009,0.7171300000000009,4771
2026-07-31T11:00:00+00:00,0.7171300000000009,0.717370000000001,0.715950000000001,0.715980000000001,6783
2026-07-31T12:00:00+00:00,0.715980000000001,0.7160900000000009,0.714980000000001,0.7152800000000009,5960
2026-07-31T13:00:00+00:00,0.7152800000000009,0.7165800000000009,0.714290000000001,0.714320000000001,15630
2026-07-31T14:00:00+00:00,0.714320000000001,0.716660000000001,0.713220000000001,0.7163600000000009,18414
2026-07-31T15:00:00+00:00,0.7163600000000009,0.7168000000000009,0.715810000000001,0.716490000000001,13897
2026-07-31T16:00:00+00:00,0.716490000000001,0.7169400000000009,0.7162800000000009,0.716630000000001,7415
2026-07-31T17:00:00+00:00,0.716630000000001,0.7179200000000009,0.7166200000000009,0.7175700000000009,10490
2026-07-31T18:00:00+00:00,0.7175700000000009,0.717810000000001,0.7173600000000009,0.7177700000000009,5494
2026-07-31T19:00:00+00:00,0.7177700000000009,0.718270000000001,0.7176200000000009,0.7176200000000009,4438
2026-07-31T20:00:00+00:00,0.7176200000000009,0.7182800000000009,0.7165200000000009,0.7168400000000009,6000.380984209207
2026-08-02T21:00:00+00:00,0.7168400000000009,0.7168400000000009,0.7155700000000009,0.715750000000001,1381.1289889791053
2026-08-02T22:00:00+00:00,0.715750000000001,0.717050000000001,0.715730000000001,0.7166400000000009,5325
2026-08-02T23:00:00+00:00,0.7166400000000009,0.7167400000000009,0.7162600000000009,0.716590000000001,4375
2026-08-03T00:00:00+00:00,0.716590000000001,0.717070000000001,0.716000000000001,0.7162500000000009,16248
2026-08-03T01:00:00+00:00,0.7162500000000009,0.716340000000001,0.715210000000001,0.7154000000000009,9356
2026-08-03T02:00:00+00:00,0.7154000000000009,0.715460000000001,0.7148900000000009,0.7151300000000009,5396
2026-08-03T03:00:00+00:00,0.7151300000000009,0.7151800000000009,0.714810000000001,0.7149600000000009,4459
2026-08-03T04:00:00+00:00,0.7149600000000009,0.715340000000001,0.7149400000000009,0.7151100000000009,3733
2026-08-03T05:00:00+00:00,0.7151100000000009,0.715680000000001,0.715040000000001,0.715650000000001,4544
2026-08-03T06:00:00+00:00,0.715650000000001,0.715810000000001,0.714700000000001,0.714760000000001,6350
2026-08-03T07:00:00+00:00,0.714760000000001,0.714880000000001,0.7136200000000009,0.713800000000001,9189
2026-08-03T08:00:00+00:00,0.713800000000001,0.713820000000001,0.712800000000001,0.712970000000001,6187
2026-08-03T09:00:00+00:00,0.712970000000001,0.7131300000000009,0.712410000000001,0.712410000000001,5763
2026-08-03T10:00:00+00:00,0.712410000000001,0.712460000000001,0.711850000000001,0.712090000000001,5682
2026-08-03T11:00:00+00:00,0.712090000000001,0.7129400000000009,0.711950000000001,0.712870000000001,5138
2026-08-03T12:00:00+00:00,0.712870000000001,0.7129600000000009,0.7116700000000009,0.711880000000001,6803
2026-08-03T13:00:00+00:00,0.711880000000001,0.7120300000000009,0.710440000000001,0.711100000000001,12314
2026-08-03T14:00:00+00:00,0.711100000000001,0.7120300000000009,0.710820000000001,0.711930000000001,10707
2026-08-03T15:00:00+00:00,0.711930000000001,0.7121100000000009,0.711540000000001,0.7120100000000009,7650
2026-08-03T16:00:00+00:00,0.7120100000000009,0.7121100000000009,0.711680000000001,0.711760000000001,5866
2026-08-03T17:00:00+00:00,0.711760000000001,0.711760000000001,0.711240000000001,0.7113000000000009,3747
2026-08-03T18:00:00+00:00,0.7113000000000009,0.712020000000001,0.711210000000001,0.711980000000001,4639
2026-08-03T19:00:00+00:00,0.711980000000001,0.712190000000001,0.711870000000001,0.712000000000001,3753
2026-08-03T20:00:00+00:00,0.712000000000001,0.712120000000001,0.711800000000001,0.711980000000001,1820
2026-08-03T21:00:00+00:00,0.711980000000001,0.7121300000000009,0.711600000000001,0.711830000000001,619
2026-08-03T22:00:00+00:00,0.711830000000001,0.7120800000000009,0.711760000000001,0.711980000000001,1187
2026-08-03T23:00:00+00:00,0.711980000000001,0.712000000000001,0.7116900000000009,0.711770000000001,1827
2026-08-04T00:00:00+00:00,0.711770000000001,0.712660000000001,0.711760000000001,0.712050000000001,6973
2026-08-04T01:00:00+00:00,0.712050000000001,0.7135000000000009,0.7117400000000009,0.713390000000001,8065
2026-08-04T02:00:00+00:00,0.713390000000001,0.713870000000001,0.712990000000001,0.713560000000001,6588
2026-08-04T03:00:00+00:00,0.713560000000001,0.714410000000001,0.713540000000001,0.713930000000001,5737
2026-08-04T04:00:00+00:00,0.713930000000001,0.714070000000001,0.713700000000001,0.713950000000001,3304
2026-08-04T05:00:00+00:00,0.713950000000001,0.714200000000001,0.7135000000000009,0.713900000000001,5861
2026-08-04T06:00:00+00:00,0.713900000000001,0.7141600000000009,0.7132300000000009,0.713460000000001,6281
2026-08-04T07:00:00+00:00,0.713460000000001,0.714340000000001,0.713460000000001,0.7138100000000009,6156
2026-08-04T08:00:00+00:00,0.7138100000000009,0.7145000000000009,0.713800000000001,0.7143300000000009,5608
2026-08-04T09:00:00+00:00,0.7143300000000009,0.7147700000000009,0.714090000000001,0.714750000000001,5610
2026-08-04T10:00:00+00:00,0.714750000000001,0.715630000000001,0.7146900000000009,0.715190000000001,6734
2026-08-04T11:00:00+00:00,0.715190000000001,0.7157900000000009,0.715040000000001,0.715290000000001,8874
2026-08-04T12:00:00+00:00,0.715290000000001,0.715710000000001,0.714900000000001,0.715390000000001,6615
2026-08-04T13:00:00+00:00,0.715390000000001,0.7158400000000009,0.7150800000000009,0.7156400000000009,11667
2026-08-04T14:00:00+00:00,0.7156400000000009,0.7162500000000009,0.715540000000001,0.715880000000001,10582
2026-08-04T15:00:00+00:00,0.715880000000001,0.7159400000000009,0.715150000000001,0.715730000000001,8139
2026-08-04T16:00:00+00:00,0.715730000000001,0.715970000000001,0.715530000000001,0.7158600000000009,5337
2026-08-04T17:00:00+00:00,0.7158600000000009,0.716260000000001,0.7158600000000009,0.716000000000001,4805
2026-08-04T18:00:00+00:00,0.716000000000001,0.716700000000001,0.715920000000001,0.716610000000001,9089
2026-08-04T19:00:00+00:00,0.716610000000001,0.716900000000001,0.7165000000000009,0.716660000000001,4803
2026-08-04T20:00:00+00:00,0.716660000000001,0.7168400000000009,0.716590000000001,0.716630000000001,2717
2026-08-04T21:00:00+00:00,0.716630000000001,0.716630000000001,0.715730000000001,0.7164300000000009,990.7451784772984
2026-08-04T22:00:00+00:00,0.7164300000000009,0.7169600000000009,0.7164300000000009,0.7169400000000009,1413
2026-08-04T23:00:00+00:00,0.7169400000000009,0.716950000000001,0.7166200000000009,0.7166700000000009,2473
2026-08-05T00:00:00+00:00,0.7166700000000009,0.7173600000000009,0.716290000000001,0.7163600000000009,6405
2026-08-05T01:00:00+00:00,0.7163600000000009,0.7166500000000009,0.716000000000001,0.7163800000000009,7050
2026-08-05T02:00:00+00:00,0.7163800000000009,0.7171600000000009,0.7160600000000009,0.7167500000000009,7902
2026-08-05T03:00:00+00:00,0.7167500000000009,0.717290000000001,0.716680000000001,0.7169100000000009,5447
2026-08-05T04:00:00+00:00,0.7169100000000009,0.717630000000001,0.7168200000000009,0.716880000000001,4655
2026-08-05T05:00:00+00:00,0.716880000000001,0.716900000000001,0.716540000000001,0.7168200000000009,4965
2026-08-05T06:00:00+00:00,0.7168200000000009,0.7171100000000009,0.7163300000000009,0.716950000000001,9535
2026-08-05T07:00:00+00:00,0.716950000000001,0.717120000000001,0.7160400000000009,0.7167400000000009,10375
2026-08-05T08:00:00+00:00,0.7167400000000009,0.7168700000000009,0.716200000000001,0.716340000000001,8245
2026-08-05T09:00:00+00:00,0.716340000000001,0.7167700000000009,0.716320000000001,0.7166500000000009,6528
2026-08-05T10:00:00+00:00,0.7166500000000009,0.7166700000000009,0.7160600000000009,0.7162600000000009,6045
2026-08-05T11:00:00+00:00,0.7162600000000009,0.7171100000000009,0.7162600000000009,0.716950000000001,6068
2026-08-05T12:00:00+00:00,0.716950000000001,0.7174500000000009,0.716680000000001,0.716800000000001,7772
2026-08-05T13:00:00+00:00,0.716800000000001,0.7175200000000009,0.7165000000000009,0.7173000000000009,11388
2026-08-05T14:00:00+00:00,0.7173000000000009,0.7184800000000009,0.7170900000000009,0.717800000000001,14042
2026-08-05T15:00:00+00:00,0.717800000000001,0.718030000000001,0.716950000000001,0.717020000000001,8712
2026-08-05T16:00:00+00:00,0.717020000000001,0.7174700000000009,0.716900000000001,0.717220000000001,6326
2026-08-05T17:00:00+00:00,0.717220000000001,0.718170000000001,0.7170400000000009,0.7180900000000009,4668
2026-08-05T18:00:00+00:00,0.7180900000000009,0.718320000000001,0.7179400000000009,0.7180800000000009,4306
2026-08-05T19:00:00+00:00,0.7180800000000009,0.718190000000001,0.717540000000001,0.717540000000001,4560
2026-08-05T20:00:00+00:00,0.717540000000001,0.717830000000001,0.7175000000000009,0.7176900000000009,2231
2026-08-05T21:00:00+00:00,0.7176900000000009,0.7176900000000009,0.7170000000000007,0.7171500000000007,1408.8243086085422
2026-08-05T22:00:00+00:00,0.7171500000000007,0.7178000000000008,0.7171500000000007,0.7177300000000008,1329
2026-08-05T23:00:00+00:00,0.7177300000000008,0.7178500000000008,0.7174600000000008,0.7176400000000007,1962
2026-08-06T00:00:00+00:00,0.7176400000000007,0.7179500000000008,0.7173700000000007,0.7176600000000007,7511
2026-08-06T01:00:00+00:00,0.7176600000000007,0.7178700000000007,0.7173200000000007,0.7176100000000007,8309
2026-08-06T02:00:00+00:00,0.7176100000000007,0.7179700000000008,0.7174200000000007,0.7175300000000008,6222
2026-08-06T03:00:00+00:00,0.7175300000000008,0.7175500000000007,0.7164600000000008,0.7166600000000007,5029
2026-08-06T04:00:00+00:00,0.7166600000000007,0.7167100000000007,0.7163200000000007,0.7166700000000007,3026
2026-08-06T05:00:00+00:00,0.7166700000000007,0.7168000000000008,0.7161700000000008,0.7166700000000007,4519
2026-08-06T06:00:00+00:00,0.7166700000000007,0.7168200000000007,0.7158000000000008,0.7160800000000007,5727
2026-08-06T07:00:00+00:00,0.7160800000000007,0.7163700000000007,0.7155500000000007,0.7157000000000008,6263
2026-08-06T08:00:00+00:00,0.7157000000000008,0.7163800000000007,0.7155300000000008,0.7163700000000007,6539
2026-08-06T09:00:00+00:00,0.7163700000000007,0.7163700000000007,0.7158600000000007,0.7161300000000007,6228
2026-08-06T10:00:00+00:00,0.7161300000000007,0.7162600000000007,0.7158100000000007,0.7161700000000008,4823
2026-08-06T11:00:00+00:00,0.7161700000000008,0.7162600000000007,0.7156000000000007,0.7162500000000007,5865
2026-08-06T12:00:00+00:00,0.7162500000000007,0.7163800000000007,0.7155800000000008,0.7157500000000008,6454
2026-08-06T13:00:00+00:00,0.7157500000000008,0.7161400000000008,0.7152400000000008,0.7159800000000007,10369
2026-08-06T14:00:00+00:00,0.7159800000000007,0.7161400000000008,0.7155600000000008,0.7161000000000007,10313
2026-08-06T15:00:00+00:00,0.7161000000000007,0.7161800000000007,0.7145800000000008,0.7146800000000008,11150
2026-08-06T16:00:00+00:00,0.7146800000000008,0.7150700000000008,0.7141800000000007,0.7150700000000008,8311
2026-08-06T17:00:00+00:00,0.7150700000000008,0.7153200000000007,0.7149100000000007,0.7152300000000007,5243
2026-08-06T18:00:00+00:00,0.7152300000000007,0.7154700000000007,0.7150900000000008,0.7152600000000007,4474
2026-08-06T19:00:00+00:00,0.7152600000000007,0.7154800000000008,0.7148700000000008,0.7152500000000007,5956
2026-08-06T20:00:00+00:00,0.7152500000000007,0.7153200000000007,0.7149100000000007,0.7150800000000007,3081
2026-08-06T21:00:00+00:00,0.7150800000000007,0.7150800000000007,0.7144600000000007,0.7146300000000007,975.3470703732921
2026-08-06T22:00:00+00:00,0.7146300000000007,0.7151200000000006,0.7146300000000007,0.7148300000000007,1102.1946833463644
2026-08-06T23:00:00+00:00,0.7148300000000007,0.7152500000000007,0.7148300000000007,0.7151800000000007,1459
2026-08-07T00:00:00+00:00,0.7151800000000007,0.7152400000000008,0.7144500000000007,0.7147400000000007,5808
2026-08-07T01:00:00+00:00,0.7147400000000007,0.7150500000000007,0.7144700000000007,0.7147400000000007,6731
2026-08-07T02:00:00+00:00,0.7147400000000007,0.7148700000000008,0.7141200000000008,0.7142700000000007,4260
2026-08-07T03:00:00+00:00,0.7142700000000007,0.7144200000000007,0.7141600000000007,0.7143800000000007,3689
2026-08-07T04:00:00+00:00,0.7143800000000007,0.7148200000000008,0.7143000000000007,0.7145200000000007,3376
2026-08-07T05:00:00+00:00,0.7145200000000007,0.7149300000000007,0.7144000000000007,0.7147100000000007,3632
2026-08-07T06:00:00+00:00,0.7147100000000007,0.7152800000000007,0.7146000000000007,0.7151700000000007,4392
2026-08-07T07:00:00+00:00,0.7151700000000007,0.7155200000000007,0.7151100000000007,0.7154200000000007,4666
2026-08-07T08:00:00+00:00,0.7154200000000007,0.7157400000000007,0.7152000000000007,0.7155800000000008,4905
2026-08-07T09:00:00+00:00,0.7155800000000008,0.7161200000000008,0.7155200000000007,0.7159500000000008,4604
2026-08-07T10:00:00+00:00,0.7159500000000008,0.7160500000000007,0.7154500000000007,0.7154900000000007,4819
2026-08-07T11:00:00+00:00,0.7154900000000007,0.7160100000000007,0.7154900000000007,0.7159200000000008,4830
2026-08-07T12:00:00+00:00,0.7159200000000008,0.7196700000000007,0.7154600000000008,0.7186600000000007,17139
2026-08-07T13:00:00+00:00,0.7186600000000007,0.7188700000000008,0.7177200000000007,0.7178600000000007,15233
2026-08-07T14:00:00+00:00,0.7178600000000007,0.7187700000000007,0.7176100000000007,0.7178700000000008,13128
2026-08-07T15:00:00+00:00,0.7178700000000008,0.7184100000000008,0.7174800000000008,0.7181700000000008,9498
2026-08-07T16:00:00+00:00,0.7181700000000008,0.7188200000000007,0.7181200000000008,0.7184100000000008,7015
2026-08-07T17:00:00+00:00,0.7184100000000008,0.7187900000000007,0.7182800000000007,0.7185700000000007,3793
2026-08-07T18:00:00+00:00,0.7185700000000007,0.7188100000000007,0.7184100000000008,0.7187600000000007,3725
2026-08-07T19:00:00+00:00,0.7187600000000007,0.7193900000000006,0.7187500000000007,0.7188700000000007,5186
2026-08-07T20:00:00+00:00,0.7188700000000007,0.7189400000000007,0.7181200000000006,0.7182600000000007,2474.3070077864295
2026-08-09T21:00:00+00:00,0.7182600000000007,0.7187500000000008,0.7179300000000008,0.7186300000000008,864.5288343830917
2026-08-09T22:00:00+00:00,0.7186300000000008,0.7191300000000008,0.7184800000000008,0.7187700000000008,1356
2026-08-09T23:00:00+00:00,0.7187700000000008,0.7190100000000008,0.7184400000000007,0.7184600000000008,2036
2026-08-10T00:00:00+00:00,0.7184600000000008,0.7192900000000008,0.7183900000000008,0.7184600000000008,7493
2026-08-10T01:00:00+00:00,0.7184600000000008,0.7187600000000007,0.7179600000000008,0.7186700000000008,7905
2026-08-10T02:00:00+00:00,0.7186700000000008,0.7188100000000007,0.7183200000000007,0.7183600000000008,4647
2026-08-10T03:00:00+00:00,0.7183600000000008,0.7184200000000007,0.7180100000000008,0.7181400000000008,3905
2026-08-10T04:00:00+00:00,0.7181400000000008,0.7184400000000007,0.7179200000000008,0.7183200000000007,3008
2026-08-10T05:00:00+00:00,0.7183200000000007,0.7191500000000007,0.7182800000000008,0.7191200000000008,4494
2026-08-10T06:00:00+00:00,0.7191200000000008,0.7192000000000007,0.7187200000000008,0.7189200000000008,5891
2026-08-10T07:00:00+00:00,0.7189200000000008,0.7194400000000007,0.7186700000000008,0.7193100000000008,6441
2026-08-10T08:00:00+00:00,0.7193100000000008,0.7196800000000008,0.7191300000000008,0.7192300000000008,5206
2026-08-10T09:00:00+00:00,0.7192300000000008,0.7193300000000008,0.7187100000000007,0.7187100000000007,4641
2026-08-10T10:00:00+00:00,0.7187100000000007,0.7190400000000008,0.7185300000000008,0.7189400000000008,4632
2026-08-10T11:00:00+00:00,0.7189400000000008,0.7190400000000008,0.7184000000000008,0.7185900000000007,4720
2026-08-10T12:00:00+00:00,0.7185900000000007,0.7186300000000008,0.7178200000000008,0.7179400000000008,5339
2026-08-10T13:00:00+00:00,0.7179400000000008,0.7182100000000008,0.7175700000000008,0.7179400000000008,7308
2026-08-10T14:00:00+00:00,0.7179400000000008,0.7188700000000008,0.7178800000000007,0.7185300000000008,8308
2026-08-10T15:00:00+00:00,0.7185300000000008,0.7189100000000007,0.7183000000000007,0.7187700000000008,6964
2026-08-10T16:00:00+00:00,0.7187700000000008,0.7188700000000008,0.7182400000000008,0.7183500000000008,5377
2026-08-10T17:00:00+00:00,0.7183500000000008,0.7184000000000008,0.7176900000000007,0.7177400000000008,4275
2026-08-10T18:00:00+00:00,0.7177400000000008,0.7181300000000008,0.7177000000000008,0.7179100000000007,4224
2026-08-10T19:00:00+00:00,0.7179100000000007,0.7179900000000008,0.7176700000000008,0.7177100000000007,3431
2026-08-10T20:00:00+00:00,0.7177100000000007,0.7178000000000008,0.7176000000000008,0.7176200000000008,1305.7561327561327
2026-08-10T21:00:00+00:00,0.7176200000000008,0.7176700000000007,0.7172300000000008,0.717340000000001,2544.16864711187
2026-08-10T22:00:00+00:00,0.717340000000001,0.717660000000001,0.717270000000001,0.7176500000000009,1201.9399977002072
2026-08-10T23:00:00+00:00,0.7176500000000009,0.7177700000000009,0.717340000000001,0.717540000000001,1899
2026-08-11T00:00:00+00:00,0.717540000000001,0.7178600000000009,0.7174700000000009,0.7175700000000009,4578
2026-08-11T01:00:00+00:00,0.7175700000000009,0.7182800000000009,0.717150000000001,0.7178600000000009,6299
2026-08-11T02:00:00+00:00,0.7178600000000009,0.7180400000000009,0.717320000000001,0.717370000000001,5039
2026-08-11T03:00:00+00:00,0.717370000000001,0.7179900000000009,0.717370000000001,0.717780000000001,3862
2026-08-11T04:00:00+00:00,0.717780000000001,0.718150000000001,0.7159900000000009,0.717050000000001,8402
2026-08-11T05:00:00+00:00,0.717050000000001,0.717730000000001,0.716200000000001,0.7175200000000009,7977
2026-08-11T06:00:00+00:00,0.7175200000000009,0.717900000000001,0.7170400000000009,0.7172600000000009,7186
2026-08-11T07:00:00+00:00,0.7172600000000009,0.7176000000000009,0.7167000000000009,0.7167700000000009,5917
2026-08-11T08:00:00+00:00,0.7167700000000009,0.717490000000001,0.7167200000000009,0.7172600000000009,5221
2026-08-11T09:00:00+00:00,0.7172600000000009,0.7177200000000009,0.7171100000000009,0.717710000000001,4801
2026-08-11T10:00:00+00:00,0.717710000000001,0.7181600000000009,0.717560000000001,0.7181600000000009,5960
2026-08-11T11:00:00+00:00,0.7181600000000009,0.7189100000000009,0.7180100000000009,0.7181100000000009,8256
2026-08-11T12:00:00+00:00,0.7181100000000009,0.7187200000000009,0.7179700000000009,0.7184100000000009,7070
2026-08-11T13:00:00+00:00,0.7184100000000009,0.7189700000000009,0.7184100000000009,0.7187500000000009,8161
2026-08-11T14:00:00+00:00,0.7187500000000009,0.718950000000001,0.7183600000000009,0.7184100000000009,7614
2026-08-11T15:00:00+00:00,0.7184100000000009,0.7185000000000009,0.7176500000000009,0.718150000000001,7422
2026-08-11T16:00:00+00:00,0.718150000000001,0.7183000000000009,0.7180400000000009,0.7181900000000009,4165
2026-08-11T17:00:00+00:00,0.7181900000000009,0.7182800000000009,0.7177700000000009,0.717930000000001,3728
2026-08-11T18:00:00+00:00,0.717930000000001,0.7179700000000009,0.717420000000001,0.717900000000001,4467
2026-08-11T19:00:00+00:00,0.717900000000001,0.7182100000000009,0.7178200000000009,0.7181300000000009,3763
2026-08-11T20:00:00+00:00,0.7181300000000009,0.718270000000001,0.7180600000000009,0.7180600000000009,1413
2026-08-11T21:00:00+00:00,0.7180600000000009,0.718120000000001,0.7173700000000011,0.717790000000001,1246.28891517607
2026-08-11T22:00:00+00:00,0.717790000000001,0.7184100000000011,0.717790000000001,0.7183700000000011,1341.1502271492352
2026-08-11T23:00:00+00:00,0.7183700000000011,0.7184600000000011,0.7182600000000011,0.7183600000000011,1200
2026-08-12T00:00:00+00:00,0.7183600000000011,0.7188700000000011,0.718300000000001,0.7184600000000011,4842
2026-08-12T01:00:00+00:00,0.7184600000000011,0.7184800000000011,0.7177100000000011,0.7178800000000011,4791
2026-08-12T02:00:00+00:00,0.7178800000000011,0.717940000000001,0.717430000000001,0.717820000000001,4438
2026-08-12T03:00:00+00:00,0.717820000000001,0.717940000000001,0.7175100000000011,0.717690000000001,3059
2026-08-12T04:00:00+00:00,0.717690000000001,0.7177500000000011,0.717520000000001,0.7176300000000011,3015
2026-08-12T05:00:00+00:00,0.7176300000000011,0.7180000000000011,0.7174100000000011,0.7179700000000011,3095
2026-08-12T06:00:00+00:00,0.7179700000000011,0.7181000000000011,0.7175800000000011,0.717990000000001,5225
2026-08-12T07:00:00+00:00,0.717990000000001,0.7182400000000011,0.7176600000000011,0.717770000000001,4590
2026-08-12T08:00:00+00:00,0.717770000000001,0.7180300000000011,0.7176100000000011,0.7179500000000011,3988
2026-08-12T09:00:00+00:00,0.7179500000000011,0.719180000000001,0.7179500000000011,0.718450000000001,8294
2026-08-12T10:00:00+00:00,0.718450000000001,0.7189300000000011,0.7182000000000011,0.7185300000000011,5967
2026-08-12T11:00:00+00:00,0.7185300000000011,0.7191700000000011,0.718380000000001,0.7190500000000011,4176
2026-08-12T12:00:00+00:00,0.7190500000000011,0.720890000000001,0.7179300000000011,0.720790000000001,18259
2026-08-12T13:00:00+00:00,0.720790000000001,0.7211200000000011,0.719960000000001,0.720450000000001,16353
2026-08-12T14:00:00+00:00,0.720450000000001,0.7207000000000011,0.7189700000000011,0.719260000000001,13163
2026-08-12T15:00:00+00:00,0.719260000000001,0.719600000000001,0.718650000000001,0.7189300000000011,8166
2026-08-12T16:00:00+00:00,0.7189300000000011,0.719130000000001,0.718130000000001,0.718330000000001,5940
2026-08-12T17:00:00+00:00,0.718330000000001,0.718550000000001,0.718110000000001,0.7181500000000011,5244
2026-08-12T18:00:00+00:00,0.7181500000000011,0.7184800000000011,0.7180700000000011,0.7181500000000011,3755
2026-08-12T19:00:00+00:00,0.7181500000000011,0.7183600000000011,0.7180200000000011,0.718350000000001,3842
2026-08-12T20:00:00+00:00,0.718350000000001,0.718380000000001,0.7180700000000011,0.718160000000001,2111
2026-08-12T21:00:00+00:00,0.718160000000001,0.718160000000001,0.7176000000000011,0.7177900000000009,1335.089785224625
2026-08-12T22:00:00+00:00,0.7177900000000009,0.7183600000000009,0.7177900000000009,0.7183400000000009,1308.9289287609363
2026-08-12T23:00:00+00:00,0.7183400000000009,0.7184900000000007,0.7183200000000007,0.7184500000000008,1759.1453437199048
2026-08-13T00:00:00+00:00,0.7184500000000008,0.7187700000000008,0.7180200000000008,0.7182200000000007,5939
2026-08-13T01:00:00+00:00,0.7182200000000007,0.7182800000000008,0.7176600000000007,0.7177300000000008,5895
2026-08-13T02:00:00+00:00,0.7177300000000008,0.7177600000000007,0.7171300000000007,0.7173700000000007,4752
2026-08-13T03:00:00+00:00,0.7173700000000007,0.7174500000000008,0.7167800000000007,0.7168900000000008,4796
2026-08-13T04:00:00+00:00,0.7168900000000008,0.7171300000000007,0.7165900000000007,0.7170200000000008,4021
2026-08-13T05:00:00+00:00,0.7170200000000008,0.7173000000000007,0.7167400000000008,0.7170400000000008,4282
2026-08-13T06:00:00+00:00,0.7170400000000008,0.7172400000000008,0.7164600000000008,0.7169700000000008,5985
2026-08-13T07:00:00+00:00,0.7169700000000008,0.7171500000000007,0.7167000000000008,0.7169600000000008,5731
2026-08-13T08:00:00+00:00,0.7169600000000008,0.7170500000000007,0.7167200000000008,0.7169000000000008,4754
2026-08-13T09:00:00+00:00,0.7169000000000008,0.7179100000000007,0.7167500000000008,0.7178700000000008,4360
2026-08-13T10:00:00+00:00,0.7178700000000008,0.7178800000000007,0.7174400000000007,0.7175500000000008,4631
2026-08-13T11:00:00+00:00,0.7175500000000008,0.7176600000000007,0.7173100000000008,0.7173700000000007,4169
2026-08-13T12:00:00+00:00,0.7173700000000007,0.7185900000000007,0.7167300000000008,0.7185800000000008,9677
2026-08-13T13:00:00+00:00,0.7185800000000008,0.7186800000000008,0.7176900000000007,0.7177800000000008,11449
2026-08-13T14:00:00+00:00,0.7177800000000008,0.7188100000000007,0.7177800000000008,0.7185500000000008,11160
2026-08-13T15:00:00+00:00,0.7185500000000008,0.7187300000000008,0.7176500000000008,0.7178000000000008,9554
2026-08-13T16:00:00+00:00,0.7178000000000008,0.7181200000000008,0.7174300000000008,0.7180400000000008,5868
2026-08-13T17:00:00+00:00,0.7180400000000008,0.7182300000000008,0.7177200000000008,0.7177400000000007,5029
2026-08-13T18:00:00+00:00,0.7177400000000007,0.7179900000000008,0.7175700000000008,0.7178300000000007,4331
2026-08-13T19:00:00+00:00,0.7178300000000007,0.7181500000000007,0.7177700000000008,0.7180700000000008,3974
2026-08-13T20:00:00+00:00,0.7180700000000008,0.7181400000000008,0.7179100000000007,0.7180100000000008,1608
2026-08-13T21:00:00+00:00,0.7180100000000008,0.7180100000000008,0.7172800000000008,0.7175900000000007,2980.4267292463546
2026-08-13T22:00:00+00:00,0.7175900000000007,0.7183200000000008,0.7175900000000007,0.7182700000000009,1163.3160173160172
2026-08-13T23:00:00+00:00,0.7182700000000009,0.7184800000000008,0.7182400000000008,0.7184100000000008,1918
2026-08-14T00:00:00+00:00,0.7184100000000008,0.7187100000000008,0.7180700000000008,0.7182300000000008,5139
2026-08-14T01:00:00+00:00,0.7182300000000008,0.7182600000000008,0.7176800000000008,0.7177700000000008,5965
2026-08-14T02:00:00+00:00,0.7177700000000008,0.7180800000000008,0.7176200000000008,0.7177200000000008,4440
2026-08-14T03:00:00+00:00,0.7177200000000008,0.7182600000000008,0.7176400000000008,0.7181900000000008,3914
2026-08-14T04:00:00+00:00,0.7181900000000008,0.7184200000000008,0.7181400000000008,0.7183200000000008,2873
2026-08-14T05:00:00+00:00,0.7183200000000008,0.7188600000000008,0.7182600000000008,0.7188600000000008,3698
2026-08-14T06:00:00+00:00,0.7188600000000008,0.7189500000000009,0.7183800000000008,0.7189100000000008,4719
2026-08-14T07:00:00+00:00,0.7189100000000008,0.7194100000000008,0.7187900000000008,0.7193000000000008,4477
2026-08-14T08:00:00+00:00,0.7193000000000008,0.7195900000000008,0.7189900000000008,0.7193600000000008,5026
2026-08-14T09:00:00+00:00,0.7193600000000008,0.7196100000000009,0.7192800000000008,0.7196000000000008,3939
2026-08-14T10:00:00+00:00,0.7196000000000008,0.7198600000000008,0.7195100000000008,0.7196500000000008,3132
2026-08-14T11:00:00+00:00,0.7196500000000008,0.7204600000000008,0.7196400000000008,0.7201800000000008,4722
2026-08-14T12:00:00+00:00,0.7201800000000008,0.7210500000000009,0.7198100000000008,0.7201600000000008,7617
2026-08-14T13:00:00+00:00,0.7201600000000008,0.7213800000000008,0.7199500000000008,0.7211600000000008,8978
2026-08-14T14:00:00+00:00,0.7211600000000008,0.7213600000000008,0.7206400000000008,0.7212200000000009,9664
2026-08-14T15:00:00+00:00,0.7212200000000009,0.7216700000000008,0.7209500000000008,0.7210900000000008,7236
2026-08-14T16:00:00+00:00,0.7210900000000008,0.7212700000000009,0.7204000000000008,0.7204600000000008,5107
2026-08-14T17:00:00+00:00,0.7204600000000008,0.7204800000000008,0.7199900000000008,0.7201600000000008,3099
2026-08-14T18:00:00+00:00,0.7201600000000008,0.7203500000000008,0.7199600000000008,0.7202600000000008,2352
2026-08-14T19:00:00+00:00,0.7202600000000008,0.7205000000000008,0.7201900000000008,0.7204900000000009,2219
2026-08-14T20:00:00+00:00,0.7204900000000009,0.7205100000000008,0.7200600000000008,0.7203200000000008,1674.241355177333
2026-08-16T21:00:00+00:00,0.7203200000000008,0.7204700000000008,0.7193100000000009,0.7193900000000009,982.709486721524
2026-08-16T22:00:00+00:00,0.7193900000000009,0.7204300000000008,0.7193900000000009,0.7204100000000009,1348
2026-08-16T23:00:00+00:00,0.7204100000000009,0.7205100000000009,0.7200600000000008,0.7201100000000008,1667.682377112596
2026-08-17T00:00:00+00:00,0.7201100000000008,0.7211600000000008,0.7201100000000008,0.7208300000000009,5604
2026-08-17T01:00:00+00:00,0.7208300000000009,0.7214000000000008,0.7204800000000008,0.7212500000000008,6041
2026-08-17T02:00:00+00:00,0.7212500000000008,0.7213400000000009,0.7207400000000008,0.7208000000000009,4271
2026-08-17T03:00:00+00:00,0.7208000000000009,0.7216900000000008,0.7207400000000008,0.7216400000000008,4078
2026-08-17T04:00:00+00:00,0.7216400000000008,0.7222100000000008,0.7215700000000008,0.7217600000000008,3628
2026-08-17T05:00:00+00:00,0.7217600000000008,0.7231600000000008,0.7216800000000009,0.7228700000000008,5337
2026-08-17T06:00:00+00:00,0.7228700000000008,0.7238800000000009,0.7225800000000009,0.7238200000000008,6766
2026-08-17T07:00:00+00:00,0.7238200000000008,0.7240400000000008,0.7235800000000009,0.7236700000000008,6731
2026-08-17T08:00:00+00:00,0.7236700000000008,0.7240200000000009,0.7232000000000008,0.7236100000000009,5717
2026-08-17T09:00:00+00:00,0.7236100000000009,0.7243700000000008,0.7235000000000008,0.7241800000000008,4910
2026-08-17T10:00:00+00:00,0.7241800000000008,0.7245600000000009,0.7239200000000009,0.7240600000000008,7013
2026-08-17T11:00:00+00:00,0.7240600000000008,0.7245100000000009,0.7238400000000008,0.7241200000000009,5079
2026-08-17T12:00:00+00:00,0.7241200000000009,0.7242600000000008,0.7232800000000008,0.7237900000000008,7503
2026-08-17T13:00:00+00:00,0.7237900000000008,0.7238900000000008,0.7224500000000008,0.7231600000000008,8419
2026-08-17T14:00:00+00:00,0.7231600000000008,0.7240700000000009,0.7226400000000008,0.7227900000000008,9471
2026-08-17T15:00:00+00:00,0.7227900000000008,0.7229200000000009,0.7223400000000009,0.7228400000000008,6297
2026-08-17T16:00:00+00:00,0.7228400000000008,0.7231100000000008,0.7226600000000009,0.7228000000000009,3639
2026-08-17T17:00:00+00:00,0.7228000000000009,0.7228700000000008,0.7219500000000009,0.7220800000000008,4444
2026-08-17T18:00:00+00:00,0.7220800000000008,0.7221800000000008,0.7216900000000008,0.7217900000000008,4246
2026-08-17T19:00:00+00:00,0.7217900000000008,0.7222100000000008,0.7217100000000009,0.7220800000000008,3294
2026-08-17T20:00:00+00:00,0.7220800000000008,0.7221200000000009,0.7219100000000008,0.7220200000000009,1731
2026-08-17T21:00:00+00:00,0.7220200000000009,0.7221600000000009,0.721590000000001,0.721760000000001,657.6940094894156
2026-08-17T22:00:00+00:00,0.721760000000001,0.722140000000001,0.721760000000001,0.722100000000001,1041
2026-08-17T23:00:00+00:00,0.722100000000001,0.7223600000000009,0.7220100000000009,0.7223500000000009,1510.5158316633267
2026-08-18T00:00:00+00:00,0.7223500000000009,0.7226100000000009,0.722150000000001,0.7224500000000009,4513
2026-08-18T01:00:00+00:00,0.7224500000000009,0.722880000000001,0.7221600000000009,0.7222100000000009,5264
2026-08-18T02:00:00+00:00,0.7222100000000009,0.7226700000000009,0.7220100000000009,0.7226300000000009,4740
2026-08-18T03:00:00+00:00,0.7226300000000009,0.722640000000001,0.721640000000001,0.7217900000000009,4111
2026-08-18T04:00:00+00:00,0.7217900000000009,0.721880000000001,0.7214500000000009,0.7215500000000009,3726
2026-08-18T05:00:00+00:00,0.7215500000000009,0.7216500000000009,0.7210900000000009,0.7215500000000009,3117
2026-08-18T06:00:00+00:00,0.7215500000000009,0.721660000000001,0.7210200000000009,0.721590000000001,6440
2026-08-18T07:00:00+00:00,0.721590000000001,0.7220000000000009,0.7213900000000009,0.7217500000000009,6399
2026-08-18T08:00:00+00:00,0.7217500000000009,0.7219600000000009,0.721420000000001,0.7218900000000009,4899
2026-08-18T09:00:00+00:00,0.7218900000000009,0.7225100000000009,0.721640000000001,0.7224300000000009,5071
2026-08-18T10:00:00+00:00,0.7224300000000009,0.7225200000000009,0.7220900000000009,0.7221800000000009,4220
2026-08-18T11:00:00+00:00,0.7221800000000009,0.7225800000000009,0.7220400000000009,0.7225600000000009,4195
2026-08-18T12:00:00+00:00,0.7225600000000009,0.7229100000000009,0.7224000000000009,0.7226000000000009,5906
2026-08-18T13:00:00+00:00,0.7226000000000009,0.7235000000000009,0.722220000000001,0.7229900000000009,9634
2026-08-18T14:00:00+00:00,0.7229900000000009,0.7231200000000009,0.721370000000001,0.7214100000000009,10610
2026-08-18T15:00:00+00:00,0.7214100000000009,0.721860000000001,0.7209500000000009,0.7211100000000009,9424
2026-08-18T16:00:00+00:00,0.7211100000000009,0.7213100000000009,0.720540000000001,0.7207700000000009,5215
2026-08-18T17:00:00+00:00,0.7207700000000009,0.7207800000000009,0.720150000000001,0.720200000000001,4514
2026-08-18T18:00:00+00:00,0.720200000000001,0.720220000000001,0.7197900000000009,0.7199700000000009,3673
2026-08-18T19:00:00+00:00,0.7199700000000009,0.7204000000000009,0.7198400000000009,0.7199500000000009,4291
2026-08-18T20:00:00+00:00,0.7199500000000009,0.7201900000000009,0.719760000000001,0.7201300000000008,1789.055229032559
2026-08-18T21:00:00+00:00,0.7201300000000008,0.7202300000000008,0.7193900000000009,0.7197800000000009,648.0973867037083
2026-08-18T22:00:00+00:00,0.7197800000000009,0.7202600000000009,0.7197800000000009,0.7199200000000009,1364
2026-08-18T23:00:00+00:00,0.7199200000000009,0.7200200000000009,0.7194900000000009,0.7196700000000008,2105
2026-08-19T00:00:00+00:00,0.7196700000000008,0.7201500000000008,0.7189600000000008,0.7189800000000008,7878
2026-08-19T01:00:00+00:00,0.7189800000000008,0.7193400000000009,0.7184700000000008,0.7191300000000008,7882
2026-08-19T02:00:00+00:00,0.7191300000000008,0.7200700000000009,0.7190400000000009,0.7194400000000009,8019
2026-08-19T03:00:00+00:00,0.7194400000000009,0.7195300000000009,0.7188300000000009,0.7188300000000009,4130
2026-08-19T04:00:00+00:00,0.7188300000000009,0.7189900000000008,0.7182400000000009,0.7188300000000009,4457
2026-08-19T05:00:00+00:00,0.7188300000000009,0.7190100000000008,0.7183200000000008,0.7184500000000008,5963
2026-08-19T06:00:00+00:00,0.7184500000000008,0.7193700000000008,0.7182500000000008,0.7189700000000009,7801
2026-08-19T07:00:00+00:00,0.7189700000000009,0.7193300000000008,0.7184600000000009,0.7186300000000009,7382
2026-08-19T08:00:00+00:00,0.7186300000000009,0.7197400000000008,0.7184700000000008,0.7193100000000009,7225
2026-08-19T09:00:00+00:00,0.7193100000000009,0.7197900000000008,0.7191900000000009,0.7194900000000009,6794
2026-08-19T10:00:00+00:00,0.7194900000000009,0.7196300000000009,0.7191400000000009,0.7191700000000009,5477
2026-08-19T11:00:00+00:00,0.7191700000000009,0.7193000000000008,0.7185700000000008,0.7189600000000008,5802
2026-08-19T12:00:00+00:00,0.7189600000000008,0.7217700000000008,0.7188600000000008,0.7214700000000008,17788
2026-08-19T13:00:00+00:00,0.7214700000000008,0.7240700000000009,0.7214600000000009,0.7233900000000009,22769
2026-08-19T14:00:00+00:00,0.7233900000000009,0.7244500000000008,0.7232100000000008,0.7235800000000009,18058
2026-08-19T15:00:00+00:00,0.7235800000000009,0.7241600000000008,0.7232900000000009,0.7237300000000009,12658
2026-08-19T16:00:00+00:00,0.7237300000000009,0.7243200000000009,0.7236900000000008,0.7238400000000008,8084
2026-08-19T17:00:00+00:00,0.7238400000000008,0.7242400000000009,0.7228500000000009,0.7228800000000009,8453
2026-08-19T18:00:00+00:00,0.7228800000000009,0.7240300000000008,0.7227700000000008,0.7237800000000009,9385
2026-08-19T19:00:00+00:00,0.7237800000000009,0.7242500000000008,0.7236900000000008,0.7239600000000008,8363
2026-08-19T20:00:00+00:00,0.7239600000000008,0.7241200000000009,0.7237300000000009,0.7240300000000008,3132
2026-08-19T21:00:00+00:00,0.7240300000000008,0.7240300000000008,0.7231000000000009,0.7236100000000009,1154.2081371022896
2026-08-19T22:00:00+00:00,0.7236100000000009,0.7241500000000008,0.7236100000000009,0.7238700000000008,1632.1060100166944
2026-08-19T23:00:00+00:00,0.7238700000000008,0.7242800000000009,0.7236100000000009,0.7237100000000009,2895
2026-08-20T00:00:00+00:00,0.7237100000000009,0.7241200000000009,0.7229800000000008,0.7231200000000009,7358
2026-08-20T01:00:00+00:00,0.7231200000000009,0.7240500000000009,0.7216700000000009,0.7229100000000008,14459
2026-08-20T02:00:00+00:00,0.7229100000000008,0.7234500000000009,0.7224200000000008,0.7228300000000009,8173
2026-08-20T03:00:00+00:00,0.7228300000000009,0.7234400000000009,0.7226700000000009,0.7233500000000009,4978
2026-08-20T04:00:00+00:00,0.7233500000000009,0.7238400000000009,0.7227200000000009,0.7228100000000008,4029
2026-08-20T05:00:00+00:00,0.7228100000000008,0.7230400000000009,0.7226100000000009,0.7229200000000009,5701
2026-08-20T06:00:00+00:00,0.7229200000000009,0.7237500000000009,0.722860000000001,0.7236800000000009,6885
2026-08-20T07:00:00+00:00,0.7236800000000009,0.7239400000000009,0.7231300000000009,0.7237800000000009,7917
2026-08-20T08:00:00+00:00,0.7237800000000009,0.7242700000000009,0.7235900000000008,0.7238400000000009,7656
2026-08-20T09:00:00+00:00,0.7238400000000009,0.7246300000000009,0.7236900000000009,0.7242900000000009,7550
2026-08-20T10:00:00+00:00,0.7242900000000009,0.7247000000000009,0.7235400000000008,0.7237600000000008,6330
2026-08-20T11:00:00+00:00,0.7237600000000008,0.7238800000000009,0.7222600000000009,0.7223300000000009,8463
2026-08-20T12:00:00+00:00,0.7223300000000009,0.7232600000000009,0.7217100000000009,0.7231100000000009,11788
2026-08-20T13:00:00+00:00,0.7231100000000009,0.7238200000000009,0.7229100000000009,0.7230700000000009,12063
2026-08-20T14:00:00+00:00,0.7230700000000009,0.7239200000000009,0.7228900000000009,0.7235400000000008,12477
2026-08-20T15:00:00+00:00,0.7235400000000008,0.7246600000000009,0.7227900000000009,0.7233700000000008,15895
2026-08-20T16:00:00+00:00,0.7233700000000008,0.7234300000000009,0.7225100000000009,0.7227000000000009,9053
2026-08-20T17:00:00+00:00,0.7227000000000009,0.7227700000000009,0.7224200000000008,0.7226700000000009,5444
2026-08-20T18:00:00+00:00,0.7226700000000009,0.7227100000000009,0.7220100000000009,0.7225300000000009,5087
2026-08-20T19:00:00+00:00,0.7225300000000009,0.7227400000000009,0.7223300000000009,0.7227000000000009,5365
2026-08-20T20:00:00+00:00,0.7227000000000009,0.7228100000000008,0.7226100000000009,0.7226700000000009,2047
2026-08-20T21:00:00+00:00,0.7226700000000009,0.7226700000000009,0.7220700000000009,0.7223000000000009,3528.0844713870924
2026-08-20T22:00:00+00:00,0.7223000000000009,0.7230800000000009,0.7223000000000009,0.7229300000000008,1125
2026-08-20T23:00:00+00:00,0.7229300000000008,0.7234000000000009,0.7229300000000008,0.7233000000000009,2035
2026-08-21T00:00:00+00:00,0.7233000000000009,0.7239600000000009,0.7233000000000009,0.7235500000000009,6401
2026-08-21T01:00:00+00:00,0.7235500000000009,0.7248500000000009,0.7234900000000009,0.7248000000000009,7748
2026-08-21T02:00:00+00:00,0.7248000000000009,0.7258500000000009,0.7246700000000009,0.7253500000000009,5289
2026-08-21T03:00:00+00:00,0.7253500000000009,0.725690000000001,0.7252800000000009,0.7255600000000009,4359
2026-08-21T04:00:00+00:00,0.7255600000000009,0.7256500000000009,0.7252600000000009,0.7254900000000009,3575
2026-08-21T05:00:00+00:00,0.7254900000000009,0.7260200000000009,0.7252200000000009,0.7259100000000009,4661
2026-08-21T06:00:00+00:00,0.7259100000000009,0.7262500000000008,0.7254900000000009,0.7259400000000009,6233
2026-08-21T07:00:00+00:00,0.7259400000000009,0.7265100000000009,0.725860000000001,0.7265000000000009,8508
2026-08-21T08:00:00+00:00,0.7265000000000009,0.7277500000000009,0.726300000000001,0.7275600000000009,8610
2026-08-21T09:00:00+00:00,0.7275600000000009,0.7280100000000009,0.7271900000000009,0.727300000000001,6865
2026-08-21T10:00:00+00:00,0.727300000000001,0.7278700000000009,0.7272400000000009,0.7273700000000008,6218
2026-08-21T11:00:00+00:00,0.7273700000000008,0.7281700000000009,0.7272800000000009,0.7278000000000009,8438
2026-08-21T12:00:00+00:00,0.7278000000000009,0.7283600000000009,0.7273900000000009,0.7280000000000009,8382
2026-08-21T13:00:00+00:00,0.7280000000000009,0.7287200000000009,0.7274600000000009,0.7285100000000009,9397
2026-08-21T14:00:00+00:00,0.7285100000000009,0.728520000000001,0.7274100000000009,0.7278100000000008,11745
2026-08-21T15:00:00+00:00,0.7278100000000008,0.7291200000000009,0.7277100000000009,0.7289800000000008,9736
2026-08-21T16:00:00+00:00,0.7289800000000008,0.7290900000000009,0.7285000000000009,0.7286700000000009,7410
2026-08-21T17:00:00+00:00,0.7286700000000009,0.7293100000000009,0.7286300000000009,0.7291800000000009,5264
2026-08-21T18:00:00+00:00,0.7291800000000009,0.7294500000000009,0.7291200000000009,0.7292500000000008,5622
2026-08-21T19:00:00+00:00,0.7292500000000008,0.7293300000000009,0.7286600000000009,0.7287100000000009,6558
2026-08-21T20:00:00+00:00,0.7287100000000009,0.7287700000000009,0.728300000000001,0.7283800000000009,2123.7464995234955
2026-08-23T21:00:00+00:00,0.71566,0.71642,0.7156399999999999,0.71642,1780
2026-08-23T22:00:00+00:00,0.71642,0.71707,0.71642,0.7169,2270
2026-08-23T23:00:00+00:00,0.7169,0.71716,0.71673,0.71715,1736
2026-08-24T00:00:00+00:00,0.71715,0.71759,0.71695,0.71759,7129
2026-08-24T01:00:00+00:00,0.71759,0.71768,0.7165,0.71676,8391
2026-08-24T02:00:00+00:00,0.71676,0.71719,0.71635,0.71656,6646
2026-08-24T03:00:00+00:00,0.71656,0.71665,0.7162,0.71641,5134
2026-08-24T04:00:00+00:00,0.71641,0.71677,0.71619,0.7167,5298
2026-08-24T05:00:00+00:00,0.7167,0.71696,0.71649,0.71691,5155
2026-08-24T06:00:00+00:00,0.71691,0.71713,0.71628,0.71686,7707
2026-08-24T07:00:00+00:00,0.71686,0.71712,0.71613,0.7164,8152
2026-08-24T08:00:00+00:00,0.7164,0.71654,0.7158,0.71603,8322
2026-08-24T09:00:00+00:00,0.71603,0.71645,0.716,0.71634,4767
2026-08-24T10:00:00+00:00,0.71634,0.71655,0.71594,0.71597,4916
2026-08-24T11:00:00+00:00,0.71597,0.71692,0.71574,0.71646,8851
2026-08-24T12:00:00+00:00,0.71646,0.71678,0.71593,0.71619,8494
2026-08-24T13:00:00+00:00,0.71619,0.71677,0.716,0.71641,11000
2026-08-24T14:00:00+00:00,0.71641,0.71642,0.71531,0.71534,9575
2026-08-24T15:00:00+00:00,0.71534,0.71574,0.71492,0.71504,9021
2026-08-24T16:00:00+00:00,0.71504,0.71542,0.7149,0.71492,6477
2026-08-24T17:00:00+00:00,0.71492,0.71522,0.71404,0.71429,8721
2026-08-24T18:00:00+00:00,0.71429,0.71507,0.71424,0.71474,5351
2026-08-24T19:00:00+00:00,0.71474,0.71492,0.7146,0.71482,3169
2026-08-24T20:00:00+00:00,0.71482,0.71501,0.71476,0.71492,1473
2026-08-24T21:00:00+00:00,0.71492,0.71493,0.71429,0.71474,1340
2026-08-24T22:00:00+00:00,0.71474,0.71512,0.71474,0.71497,1051
2026-08-24T23:00:00+00:00,0.71497,0.71549,0.71487,0.7154,1757
2026-08-25T00:00:00+00:00,0.7154,0.7159,0.71536,0.7158,6604
2026-08-25T01:00:00+00:00,0.7158,0.71589,0.71511,0.71521,6848
2026-08-25T02:00:00+00:00,0.71521,0.71566,0.71512,0.71526,6567
2026-08-25T03:00:00+00:00,0.71526,0.71569,0.71508,0.71508,5229
2026-08-25T04:00:00+00:00,0.71508,0.71511,0.71459,0.71488,3727
2026-08-25T05:00:00+00:00,0.71488,0.71531,0.71476,0.71485,4235
2026-08-25T06:00:00+00:00,0.71485,0.71511,0.71425,0.71444,6087
2026-08-25T07:00:00+00:00,0.71444,0.7148,0.71423,0.71433,5358
2026-08-25T08:00:00+00:00,0.71433,0.71508,0.71376,0.71485,8862
2026-08-25T09:00:00+00:00,0.71485,0.7157,0.71476,0.71542,9130
2026-08-25T10:00:00+00:00,0.71542,0.71542,0.71493,0.71528,4874
2026-08-25T11:00:00+00:00,0.71528,0.7158300000000001,0.71499,0.71541,5461
2026-08-25T12:00:00+00:00,0.71541,0.71555,0.7150000000000001,0.71547,7639
2026-08-25T13:00:00+00:00,0.71547,0.7162800000000001,0.7152700000000001,0.7158200000000001,9809
2026-08-25T14:00:00+00:00,0.7158200000000001,0.7164100000000001,0.7153300000000001,0.7156800000000001,10779
2026-08-25T15:00:00+00:00,0.7156800000000001,0.7161900000000001,0.7153200000000001,0.7159800000000001,7863
2026-08-25T16:00:00+00:00,0.7159800000000001,0.7160700000000001,0.7154200000000001,0.7155700000000002,5291
2026-08-25T17:00:00+00:00,0.7155700000000002,0.7158300000000001,0.7153400000000001,0.7157900000000001,3971
2026-08-25T18:00:00+00:00,0.7157900000000001,0.7160200000000002,0.7156800000000001,0.7159600000000002,3477
2026-08-25T19:00:00+00:00,0.7159600000000002,0.7166000000000002,0.7158800000000002,0.7165100000000002,4065
2026-08-25T20:00:00+00:00,0.7165100000000002,0.7168500000000002,0.7160200000000002,0.7160800000000002,2498
2026-08-25T21:00:00+00:00,0.7160800000000002,0.71615,0.71557,0.7160699999999999,2505
2026-08-25T22:00:00+00:00,0.7160699999999999,0.7165,0.7160599999999999,0.7165,1602
2026-08-25T23:00:00+00:00,0.7165,0.71661,0.71635,0.71641,1864
2026-08-26T00:00:00+00:00,0.71641,0.71689,0.71622,0.71624,5688
2026-08-26T01:00:00+00:00,0.71624,0.71815,0.71595,0.71764,12118
2026-08-26T02:00:00+00:00,0.71764,0.71848,0.71755,0.71784,7788
2026-08-26T03:00:00+00:00,0.71784,0.71864,0.71778,0.7182,5154
2026-08-26T04:00:00+00:00,0.7182,0.71832,0.71748,0.7177,3398
2026-08-26T05:00:00+00:00,0.7177,0.71839,0.71769,0.71826,4773
2026-08-26T06:00:00+00:00,0.71826,0.71848,0.71737,0.71783,6790
2026-08-26T07:00:00+00:00,0.71783,0.71812,0.71763,0.718,7524
2026-08-26T08:00:00+00:00,0.718,0.71855,0.71792,0.7181,5598
2026-08-26T09:00:00+00:00,0.7181,0.71825,0.71778,0.71812,4971
2026-08-26T10:00:00+00:00,0.71812,0.71822,0.71793,0.71801,3914
2026-08-26T11:00:00+00:00,0.71801,0.71847,0.71793,0.71845,5279
2026-08-26T12:00:00+00:00,0.71845,0.71889,0.7176,0.71768,8976
2026-08-26T13:00:00+00:00,0.71768,0.71799,0.71727,0.71756,11808
2026-08-26T14:00:00+00:00,0.71756,0.71759,0.71651,0.71652,10202
2026-08-26T15:00:00+00:00,0.71652,0.71703,0.71644,0.71679,7970
2026-08-26T16:00:00+00:00,0.71679,0.7171500000000001,0.71657,0.7167600000000001,6794
2026-08-26T17:00:00+00:00,0.7167600000000001,0.7173600000000001,0.71669,0.71718,4816
2026-08-26T18:00:00+00:00,0.71718,0.7173400000000001,0.71699,0.71708,3620
2026-08-26T19:00:00+00:00,0.71708,0.7173,0.71699,0.71728,3636
2026-08-26T20:00:00+00:00,0.71728,0.7174,0.71704,0.71704,3481
2026-08-26T21:00:00+00:00,0.7171,0.71751,0.71617,0.71751,2423
2026-08-26T22:00:00+00:00,0.71751,0.71801,0.71746,0.71796,1948
2026-08-26T23:00:00+00:00,0.71796,0.71844,0.71792,0.7181,2196
2026-08-27T00:00:00+00:00,0.7181,0.71818,0.7175,0.71807,7266
2026-08-27T01:00:00+00:00,0.71807,0.7185499999999999,0.71792,0.7183999999999999,8015
2026-08-27T02:00:00+00:00,0.7183999999999999,0.71853,0.7181599999999999,0.71827,5321
2026-08-27T03:00:00+00:00,0.71827,0.71846,0.71809,0.7182499999999999,4518
2026-08-27T04:00:00+00:00,0.7182499999999999,0.7185699999999999,0.7180799999999999,0.71853,3703
2026-08-27T05:00:00+00:00,0.71853,0.71856,0.71803,0.7182299999999999,4871
2026-08-27T06:00:00+00:00,0.7182299999999999,0.71864,0.7180099999999999,0.71839,5696
2026-08-27T07:00:00+00:00,0.71839,0.7186199999999999,0.7178899999999999,0.71809,7702
2026-08-27T08:00:00+00:00,0.71809,0.71873,0.7180799999999999,0.71829,7353
2026-08-27T09:00:00+00:00,0.71829,0.71837,0.71753,0.7175699999999999,7151
2026-08-27T10:00:00+00:00,0.7175699999999999,0.71809,0.71751,0.71795,6017
2026-08-27T11:00:00+00:00,0.71795,0.71866,0.7178399999999999,0.71864,6713
2026-08-27T12:00:00+00:00,0.71864,0.71925,0.71842,0.7187199999999999,7586
2026-08-27T13:00:00+00:00,0.7187199999999999,0.7195499999999999,0.71858,0.71922,10976
2026-08-27T14:00:00+00:00,0.71922,0.71958,0.7187899999999999,0.7191299999999999,11601
2026-08-27T15:00:00+00:00,0.7191299999999999,0.7197699999999999,0.7190799999999999,0.7197199999999999,7397
2026-08-27T16:00:00+00:00,0.7197199999999999,0.7197899999999999,0.7192999999999999,0.7196699999999999,5099
2026-08-27T17:00:00+00:00,0.7196699999999999,0.7197399999999999,0.71946,0.71959,4623
2026-08-27T18:00:00+00:00,0.71959,0.7196199999999999,0.7192,0.71949,5407
2026-08-27T19:00:00+00:00,0.71949,0.7196199999999999,0.71937,0.7195199999999999,4574
2026-08-27T20:00:00+00:00,0.7195199999999999,0.71963,0.71925,0.71925,2114
2026-08-27T21:00:00+00:00,0.71925,0.71946,0.71877,0.71945,731
2026-08-27T22:00:00+00:00,0.71945,0.71964,0.7194,0.7195,1142
2026-08-27T23:00:00+00:00,0.7195,0.71958,0.7193,0.71954,1253
2026-08-28T00:00:00+00:00,0.71954,0.71989,0.71947,0.71962,4128
2026-08-28T01:00:00+00:00,0.71962,0.72003,0.7195,0.71968,5641
2026-08-28T02:00:00+00:00,0.71968,0.72046,0.71964,0.72037,4273
2026-08-28T03:00:00+00:00,0.72037,0.72048,0.71996,0.72011,3008
2026-08-28T04:00:00+00:00,0.72011,0.72023,0.71976,0.71982,2840
2026-08-28T05:00:00+00:00,0.71982,0.71992,0.71931,0.71947,4171
2026-08-28T06:00:00+00:00,0.71947,0.72017,0.71943,0.71991,6205
2026-08-28T07:00:00+00:00,0.71991,0.71993,0.71921,0.71955,5846
2026-08-28T08:00:00+00:00,0.71955,0.71968,0.71924,0.71933,5778
2026-08-28T09:00:00+00:00,0.71933,0.71977,0.7192,0.71964,4682
2026-08-28T10:00:00+00:00,0.71964,0.72002,0.71961,0.72001,4674
2026-08-28T11:00:00+00:00,0.72001,0.72002,0.71932,0.71932,5036
2026-08-28T12:00:00+00:00,0.71932,0.72014,0.71927,0.72013,7197
2026-08-28T13:00:00+00:00,0.72013,0.72031,0.71913,0.71914,6561
2026-08-28T14:00:00+00:00,0.71914,0.72074,0.71646,0.71839,32113
2026-08-28T15:00:00+00:00,0.71839,0.71855,0.71635,0.7164,15062
2026-08-28T16:00:00+00:00,0.7164,0.71653,0.71555,0.71605,13895
2026-08-28T17:00:00+00:00,0.71605,0.71616,0.71561,0.71576,8391
2026-08-28T18:00:00+00:00,0.71576,0.71591,0.71555,0.71587,5965
2026-08-28T19:00:00+00:00,0.71587,0.71648,0.71582,0.71629,4390
2026-08-28T20:00:00+00:00,0.71629,0.71631,0.71581,0.71591,2107
2026-08-30T21:00:00+00:00,0.71518,0.716,0.71518,0.71579,722
2026-08-30T22:00:00+00:00,0.71579,0.71616,0.7156399999999999,0.7160299999999999,2003
2026-08-30T23:00:00+00:00,0.7160299999999999,0.71622,0.71581,0.7159099999999999,3483
2026-08-31T00:00:00+00:00,0.7159099999999999,0.7164499999999999,0.7153899999999999,0.7163299999999999,9299
2026-08-31T01:00:00+00:00,0.7163299999999999,0.7168199999999999,0.7158499999999999,0.7166199999999999,9370
2026-08-31T02:00:00+00:00,0.7166199999999999,0.7167899999999999,0.7160699999999999,0.7166099999999999,8675
2026-08-31T03:00:00+00:00,0.7166099999999999,0.7170799999999999,0.7165399999999998,0.7167099999999998,4771
2026-08-31T04:00:00+00:00,0.7167099999999998,0.7167399999999999,0.7163899999999999,0.7165999999999999,4138
2026-08-31T05:00:00+00:00,0.7165999999999999,0.7166299999999999,0.7162499999999999,0.7166099999999999,5259
2026-08-31T06:00:00+00:00,0.7166099999999999,0.7167199999999999,0.7159499999999999,0.7161599999999999,6592
2026-08-31T07:00:00+00:00,0.7161599999999999,0.7164699999999999,0.7157799999999999,0.7160399999999999,7277
2026-08-31T08:00:00+00:00,0.7160399999999999,0.7164699999999999,0.7155999999999999,0.7157999999999999,7162
2026-08-31T09:00:00+00:00,0.7157999999999999,0.7161299999999999,0.7157099999999998,0.7160699999999999,5952
2026-08-31T10:00:00+00:00,0.7160699999999999,0.7162799999999999,0.7155899999999998,0.7156199999999999,6019
2026-08-31T11:00:00+00:00,0.7156199999999999,0.7163699999999998,0.7154599999999999,0.7160299999999999,6411
2026-08-31T12:00:00+00:00,0.7160299999999999,0.7165799999999999,0.7154599999999999,0.7158999999999999,9917
2026-08-31T13:00:00+00:00,0.7158999999999999,0.7164999999999999,0.7157899999999999,0.7161899999999999,9457
2026-08-31T14:00:00+00:00,0.7161899999999999,0.7170199999999999,0.7159599999999999,0.7164699999999999,11643
2026-08-31T15:00:00+00:00,0.7164699999999999,0.7167599999999998,0.7160299999999999,0.7165399999999998,8508
2026-08-31T16:00:00+00:00,0.7165399999999998,0.7168999999999999,0.7164999999999999,0.7167499999999999,5969
2026-08-31T17:00:00+00:00,0.7167499999999999,0.7167899999999999,0.7163999999999999,0.7165499999999999,3048
2026-08-31T18:00:00+00:00,0.7165499999999999,0.7165999999999999,0.7163599999999999,0.7163999999999999,3625
2026-08-31T19:00:00+00:00,0.7163999999999999,0.7167699999999999,0.7162999999999999,0.7165999999999999,4526
2026-08-31T20:00:00+00:00,0.7165999999999999,0.7167199999999999,0.7164099999999999,0.7166099999999999,2782
2026-08-31T21:00:00+00:00,0.7166099999999999,0.7166199999999999,0.7161599999999999,0.7164699999999999,607
2026-08-31T22:00:00+00:00,0.7164699999999999,0.7167699999999999,0.7164399999999999,0.7165399999999998,1307
2026-08-31T23:00:00+00:00,0.7165399999999998,0.7170699999999999,0.7164999999999999,0.7170699999999999,2495
2026-09-01T00:00:00+00:00,0.7170699999999999,0.7180699999999999,0.7169999999999999,0.7170799999999999,7589
2026-09-01T01:00:00+00:00,0.7170799999999999,0.7175099999999999,0.7165699999999999,0.7172399999999999,7638
2026-09-01T02:00:00+00:00,0.7172399999999999,0.7173699999999998,0.7168299999999999,0.7173299999999999,5646
2026-09-01T03:00:00+00:00,0.7173299999999999,0.7173399999999999,0.7166099999999999,0.7166699999999999,5103
2026-09-01T04:00:00+00:00,0.7166699999999999,0.7169199999999999,0.7165999999999999,0.7167599999999998,3733
2026-09-01T05:00:00+00:00,0.7167599999999998,0.7171599999999999,0.7167499999999999,0.7168799999999999,5705
2026-09-01T06:00:00+00:00,0.7168799999999999,0.7171099999999999,0.7161899999999999,0.7164499999999999,6655
2026-09-01T07:00:00+00:00,0.7164499999999999,0.7165399999999998,0.7153399999999999,0.7154399999999999,9432
2026-09-01T08:00:00+00:00,0.7154399999999999,0.7157699999999999,0.7142799999999999,0.7143799999999999,10700
2026-09-01T09:00:00+00:00,0.7143799999999999,0.7147299999999999,0.7138699999999999,0.7142999999999999,8483
2026-09-01T10:00:00+00:00,0.7142999999999999,0.7147099999999998,0.7141799999999999,0.7143699999999998,6736
2026-09-01T11:00:00+00:00,0.7143699999999998,0.7147299999999999,0.7140599999999999,0.7144699999999999,7170
2026-09-01T12:00:00+00:00,0.7144699999999999,0.7153699999999998,0.7140599999999999,0.7153399999999999,9816
2026-09-01T13:00:00+00:00,0.7153399999999999,0.7155099999999999,0.7145699999999999,0.7153499999999999,10751
2026-09-01T14:00:00+00:00,0.7153499999999999,0.7160199999999999,0.7150199999999999,0.7154199999999998,13214
2026-09-01T15:00:00+00:00,0.7154199999999998,0.7160499999999999,0.7151899999999999,0.7158499999999999,9141
2026-09-01T16:00:00+00:00,0.7158499999999999,0.7158899999999999,0.7148999999999999,0.7150199999999999,10276
2026-09-01T17:00:00+00:00,0.7150199999999999,0.7151699999999999,0.7145899999999998,0.7146699999999999,7502
2026-09-01T18:00:00+00:00,0.7146699999999999,0.7147299999999999,0.7142999999999999,0.7147299999999999,5258
2026-09-01T19:00:00+00:00,0.7147299999999999,0.7147499999999999,0.7142799999999999,0.7143099999999999,5572
2026-09-01T20:00:00+00:00,0.7143099999999999,0.7145799999999999,0.7142099999999999,0.7143899999999999,1876
2026-09-01T21:00:00+00:00,0.7143899999999999,0.7144499999999999,0.7140899999999999,0.7143999999999999,674
2026-09-01T22:00:00+00:00,0.7143999999999999,0.7147799999999999,0.7143999999999999,0.7146999999999999,1447
2026-09-01T23:00:00+00:00,0.7146999999999999,0.7147399999999999,0.7144699999999999,0.7145299999999999,1528
2026-09-02T00:00:00+00:00,0.7145299999999999,0.7147199999999999,0.7140399999999999,0.7140899999999999,8485
2026-09-02T01:00:00+00:00,0.7140899999999999,0.7152699999999999,0.7138899999999999,0.7148099999999998,11248
2026-09-02T02:00:00+00:00,0.7148099999999998,0.7148699999999999,0.7145599999999999,0.7145599999999999,180
